,output_ID,flooded,alerts,t_EB_rate,risk
0,5023.0,0.2222222222222222,0.4074074074074074,0.12228614012666303,low
1,5023.0,0.11290322580645161,0.1774193548387097,0.055234675878901865,low
2,5023.0,0.6666666666666666,1.6666666666666667,0.3507327605569078,medium
3,5023.0,0.5,4.0,0.32709864904035163,medium
4,5023.0,0.0,0.0,0.6310882999014227,high
5,74019.0,0.0,0.0,0.01982322723906593,low
6,74019.0,0.016129032258064516,0.016129032258064516,0.01955126414285888,low
7,74019.0,0.3333333333333333,1.3333333333333333,0.3048373649738443,medium
8,74019.0,0.0,0.0,0.18261834314574868,medium
9,74019.0,0.0,0.0,0.5755415859288465,high
10,74242.0,0.0,0.0,0.017655939610819568,low
11,74242.0,0.0,0.0,0.011932224264185462,low
12,74242.0,0.3333333333333333,0.6666666666666666,0.19622879759271328,medium
13,74242.0,0.25,0.375,0.2537293863277072,medium
14,74242.0,0.0,0.0,0.556416546181703,high
15,76421.0,0.18518518518518517,0.2962962962962963,0.11415847285854322,low
16,76421.0,0.06451612903225806,0.06451612903225806,0.037275615037600275,low
17,76421.0,0.0,0.0,0.26184204072281175,medium
18,76421.0,0.25,0.25,0.2606951143887115,medium
19,76421.0,0.0,0.0,0.6090509549398275,high
20,76441.0,0.0,0.0,0.017971986361562876,low
21,76441.0,0.0,0.0,0.011942072640969996,low
22,76441.0,0.6666666666666666,1.0,0.2111179535734623,medium
23,76441.0,0.25,0.25,0.2375076977701451,medium
24,76441.0,0.0,0.0,0.5074330104795177,high
25,76426.0,0.037037037037037035,0.037037037037037035,0.03941630776595461,low
26,76426.0,0.016129032258064516,0.016129032258064516,0.02182726567801343,low
27,76426.0,0.6666666666666666,0.6666666666666666,0.2869224329042912,medium
28,76426.0,0.125,0.5,0.28084165469750605,medium
29,76426.0,0.0,0.0,0.737112169002745,high
30,76473.0,0.0,0.0,0.01749384297159852,low
31,76473.0,0.016129032258064516,0.016129032258064516,0.016024446315395655,low
32,76473.0,0.3333333333333333,0.3333333333333333,0.17803117176098945,medium
33,76473.0,0.0,0.0,0.14823120746748455,low
34,76473.0,0.0,0.0,0.5153918371016071,high
35,76513.0,0.0,0.0,0.01528114119888631,low
36,76513.0,0.0,0.0,0.009111042243074009,low
37,76513.0,0.0,0.0,0.10967881874876834,low
38,76513.0,0.0,0.0,0.12338867109236439,low
39,76513.0,0.0,0.0,0.4452598137287858,high
40,76513.0,0.0,0.0,0.009479501724285579,low
41,76513.0,0.0,0.0,0.003537131022046556,low
42,76513.0,0.0,0.0,0.024580336635650495,low
43,76513.0,0.0,0.0,0.027652878715106802,low
44,76513.0,0.0,0.0,0.12069860350666872,low
45,76523.0,0.0,0.0,0.018904658998428307,low
46,76523.0,0.0,0.0,0.012384042888991168,low
47,76523.0,0.6666666666666666,1.0,0.25452698896244624,medium
48,76523.0,0.0,0.0,0.2119226792351751,medium
49,76523.0,0.0,0.0,0.6902903217070838,high
50,76544.0,0.0,0.0,0.012933076699738644,low
51,76544.0,0.016129032258064516,0.016129032258064516,0.010886157573895184,low
52,76544.0,0.6666666666666666,2.3333333333333335,0.18393178410065394,medium
53,76544.0,0.125,0.125,0.14289535746985568,low
54,76544.0,0.0,0.0,0.45497238913197113,high
55,77390.0,0.0,0.0,0.01093940747783239,low
56,77390.0,0.03225806451612903,0.12903225806451613,0.012887747419973483,low
57,77390.0,0.3333333333333333,1.6666666666666667,0.1587849877880428,medium
58,77390.0,0.25,0.625,0.14178369156072915,low
59,77390.0,0.0,0.0,0.3363971885831613,medium
60,77418.0,0.0,0.0,0.01634492883442989,low
61,77418.0,0.03225806451612903,0.06451612903225806,0.020026740894534132,low
62,77418.0,0.0,0.0,0.14579847423186348,low
63,77418.0,0.125,0.125,0.1640232835108464,medium
64,77418.0,0.0,0.0,0.432561269353836,high
65,77428.0,0.0,0.0,0.01564939343832429,low
66,77428.0,0.016129032258064516,0.03225806451612903,0.015133397725056532,low
67,77428.0,0.0,0.0,0.145057750547413,low
68,77428.0,0.125,0.125,0.19184340911216832,medium
69,77428.0,0.0,0.0,0.552692419772893,high
70,77452.0,0.037037037037037035,0.037037037037037035,0.03108109735648087,low
71,77452.0,0.016129032258064516,0.016129032258064516,0.015450835391941692,low
72,77452.0,0.0,0.0,0.13856915396902272,low
73,77452.0,0.0,0.0,0.15589029821515057,medium
74,77452.0,0.0,0.0,0.47676044094385,high
75,77473.0,0.0,0.0,0.013771352952845387,low
76,77473.0,0.016129032258064516,0.04838709677419355,0.012547538606869078,low
77,77473.0,0.0,0.0,0.12449631172979353,low
78,77473.0,0.0,0.0,0.1400583506960177,low
79,77473.0,0.0,0.0,0.5028400518713187,high
80,77493.0,0.0,0.0,0.017856457412069773,low
81,77493.0,0.016129032258064516,0.04838709677419355,0.01763817218541552,low
82,77493.0,0.0,0.0,0.18464122765556593,medium
83,77493.0,0.125,0.125,0.20772138111251165,medium
84,77493.0,0.0,0.0,0.5354860422943717,high
85,77566.0,0.0,0.0,0.008899658268228498,low
86,77566.0,0.0,0.0,0.004753864645824756,low
87,77566.0,0.0,0.0,0.07068037354712056,low
88,77566.0,0.0,0.0,0.07951542024051063,low
89,77566.0,0.0,0.0,0.27950567938520504,medium
90,77734.0,0.0,0.0,0.015359551841870043,low
91,77734.0,0.0,0.0,0.010194225264507938,low
92,77734.0,0.0,0.0,0.14973841492803272,low
93,77734.0,0.0,0.0,0.1684557167940368,medium
94,77734.0,0.0,0.0,0.512187164312604,high
95,77880.0,0.0,0.0,0.0118025563412274,low
96,77880.0,0.0,0.0,0.006769987782249022,low
97,77880.0,0.0,0.0,0.09904067357790942,low
98,77880.0,0.0,0.0,0.11142075777514814,low
99,77880.0,0.0,0.0,0.4198564048112375,high
100,78255.0,0.0,0.0,0.016056907055022326,low
101,78255.0,0.06451612903225806,0.0967741935483871,0.028774118574803387,low
102,78255.0,0.0,0.0,0.1405270332401873,low
103,78255.0,0.125,0.125,0.15809291239521073,medium
104,78255.0,0.0,0.0,0.4216934803684803,high
105,78348.0,0.07407407407407407,0.1111111111111111,0.04580057647143912,low
106,78348.0,0.03225806451612903,0.06451612903225806,0.01996685483414355,low
107,78348.0,0.0,0.0,0.13207392562379222,low
108,78348.0,0.375,0.5,0.22684935180753746,medium
109,78348.0,0.0,0.0,0.49183577232582937,high
110,78539.0,0.037037037037037035,0.037037037037037035,0.026517648387199062,low
111,78539.0,0.0,0.0,0.008342053914777227,low
112,78539.0,0.0,0.0,0.17443241869747714,medium
113,78539.0,0.375,1.0,0.22173728851995975,medium
114,78539.0,0.0,0.0,0.5726176697556582,high
115,78570.0,0.0,0.0,0.015544255492463353,low
116,78570.0,0.0,0.0,0.009928697316081151,low
117,78570.0,0.0,0.0,0.14358524704351017,low
118,78570.0,0.0,0.0,0.16153340292394894,medium
119,78570.0,0.0,0.0,0.5619781173449977,high
120,78768.0,0.0,0.0,0.01127649389848951,low
121,78768.0,0.0,0.0,0.006739103647151955,low
122,78768.0,0.0,0.0,0.11189428223388226,low
123,78768.0,0.0,0.0,0.12588106751311753,low
124,78768.0,0.0,0.0,0.43512445084509854,high
125,79041.0,0.1111111111111111,0.14814814814814814,0.06247760192651052,low
126,79041.0,0.04838709677419355,0.06451612903225806,0.026863750406920413,low
127,79041.0,0.0,0.0,0.2368914600899652,medium
128,79041.0,0.25,0.25,0.23585382284443113,medium
129,79041.0,0.0,0.0,0.5630236065386525,high
130,79065.0,0.037037037037037035,0.037037037037037035,0.03421563279179644,low
131,79065.0,0.0,0.0,0.011314808032840797,low
132,79065.0,0.3333333333333333,0.6666666666666666,0.19343957645374718,medium
133,79065.0,0.0,0.0,0.18511620252910183,medium
134,79065.0,0.0,0.0,0.5930907618634097,high
135,79067.0,0.1111111111111111,0.18518518518518517,0.05475661564957713,low
136,79067.0,0.04838709677419355,0.08064516129032258,0.020199199553661312,low
137,79067.0,0.3333333333333333,1.0,0.16631649295728337,medium
138,79067.0,0.25,1.0,0.16558798975343827,medium
139,79067.0,0.0,0.0,0.3983522633089705,medium
140,79077.0,0.0,0.0,0.014509003003787893,low
141,79077.0,0.016129032258064516,0.016129032258064516,0.013608843017160557,low
142,79077.0,0.3333333333333333,0.3333333333333333,0.18403179567308944,medium
143,79077.0,0.0,0.0,0.1532274096451739,medium
144,79077.0,0.0,0.0,0.5554453833603155,high
145,79083.0,0.037037037037037035,0.037037037037037035,0.025252223490235162,low
146,79083.0,0.0,0.0,0.007681471803879684,low
147,79083.0,0.0,0.0,0.11193215298373034,low
148,79083.0,0.25,0.625,0.1701438697740782,medium
149,79083.0,0.0,0.0,0.43979276450435034,high
150,79102.0,0.0,0.0,0.013573190487855671,low
151,79102.0,0.0,0.0,0.007982502172890097,low
152,79102.0,0.6666666666666666,1.0,0.15777272881881882,medium
153,79102.0,0.0,0.0,0.11625630776004427,low
154,79102.0,0.0,0.0,0.39674684824703493,medium
155,79238.0,0.07407407407407407,0.1111111111111111,0.02666238776577278,low
156,79238.0,0.0,0.0,0.003540966342950835,low
157,79238.0,0.0,0.0,0.030159095498897653,low
158,79238.0,0.25,0.375,0.045843710500362574,low
159,79238.0,0.0,0.0,0.15959650122172908,medium
160,79117.0,0.037037037037037035,0.037037037037037035,0.034014783558274815,low
161,79117.0,0.0,0.0,0.011022881660611128,low
162,79117.0,0.6666666666666666,2.0,0.22752555813336325,medium
163,79117.0,0.0,0.0,0.167654331059989,medium
164,79117.0,0.5,1.0,0.652461146686387,high
165,79140.0,0.0,0.0,0.012678595951689471,low
166,79140.0,0.0,0.0,0.007255640311802373,low
167,79140.0,0.0,0.0,0.15570761236326686,medium
168,79140.0,0.0,0.0,0.11473460742555439,low
169,79140.0,0.0,0.0,0.4509231275985958,high
170,79150.0,0.07407407407407407,0.07407407407407407,0.04985457858044124,low
171,79150.0,0.016129032258064516,0.03225806451612903,0.016647073251216706,low
172,79150.0,0.0,0.0,0.16537707385234396,medium
173,79150.0,0.125,0.375,0.18604920808388695,medium
174,79150.0,0.0,0.0,0.47452798496773274,high
175,79161.0,0.037037037037037035,0.037037037037037035,0.029250460797573548,low
176,79161.0,0.016129032258064516,0.016129032258064516,0.01493751309141844,low
177,79161.0,0.3333333333333333,0.3333333333333333,0.23024760455958326,medium
178,79161.0,0.125,0.125,0.22536794213026928,medium
179,79161.0,0.0,0.0,0.7414102503499579,high
180,79201.0,0.037037037037037035,0.037037037037037035,0.02853553364128455,low
181,79201.0,0.016129032258064516,0.016129032258064516,0.013945150446909242,low
182,79201.0,0.0,0.0,0.19060024378099127,medium
183,79201.0,0.25,0.25,0.2144252742536152,medium
184,79201.0,0.0,0.0,0.5728838522074114,high
185,79210.0,0.0,0.0,0.012394877304670258,low
186,79210.0,0.016129032258064516,0.016129032258064516,0.010105528843010123,low
187,79210.0,0.3333333333333333,0.3333333333333333,0.14052805827786102,low
188,79210.0,0.0,0.0,0.1035494113233831,low
189,79210.0,0.0,0.0,0.386786880563717,medium
190,79217.0,0.0,0.0,0.013701061932457289,low
191,79217.0,0.03225806451612903,0.03225806451612903,0.015839372043415373,low
192,79217.0,0.0,0.0,0.13265703295599643,low
193,79217.0,0.125,0.125,0.149239162075496,low
194,79217.0,0.0,0.0,0.48294387647554327,high
195,79238.0,0.07407407407407407,0.1111111111111111,0.05050028546728114,low
196,79238.0,0.0,0.0,0.010537954524426671,low
197,79238.0,0.3333333333333333,0.3333333333333333,0.18004401563357467,medium
198,79238.0,0.5,0.625,0.25519190615608783,medium
199,79238.0,0.0,0.0,0.5017011297751451,high
200,79249.0,0.037037037037037035,0.037037037037037035,0.03736560189765378,low
201,79249.0,0.0,0.0,0.013221063187665217,low
202,79249.0,0.6666666666666666,1.3333333333333333,0.3384432614824456,medium
203,79249.0,0.375,0.625,0.30954942707971744,medium
204,79249.0,0.5,0.5,0.7083736472957592,high
205,79287.0,0.1111111111111111,0.2222222222222222,0.0685870838129161,low
206,79287.0,0.03225806451612903,0.03225806451612903,0.02381503248171531,low
207,79287.0,0.3333333333333333,0.3333333333333333,0.21901224006402778,medium
208,79287.0,0.125,0.375,0.2143706899317493,medium
209,79287.0,0.0,0.0,0.5376753148751772,high
210,79316.0,0.0,0.0,0.010776910163571315,low
211,79316.0,0.0,0.0,0.004886415430869559,low
212,79316.0,0.0,0.0,0.06956524908098746,low
213,79316.0,0.125,0.25,0.0782609052161109,low
214,79316.0,0.0,0.0,0.2773937563103759,medium
215,79346.0,0.0,0.0,0.01834375813396681,low
216,79346.0,0.03225806451612903,0.03225806451612903,0.02456128854096362,low
217,79346.0,0.6666666666666666,0.6666666666666666,0.3130229334500594,medium
218,79346.0,0.25,0.5,0.2533735537465194,medium
219,79346.0,0.0,0.0,0.5684045978767466,high
220,79364.0,0.0,0.0,0.017372914407416232,low
221,79364.0,0.0,0.0,0.011087613591537536,low
222,79364.0,0.6666666666666666,1.0,0.2131692156796683,medium
223,79364.0,0.0,0.0,0.17748762715281846,medium
224,79364.0,0.0,0.0,0.5789110148796851,high
225,79368.0,0.037037037037037035,0.037037037037037035,0.014440094585616141,low
226,79368.0,0.0,0.0,0.0036876816180183582,low
227,79368.0,0.3333333333333333,0.3333333333333333,0.0824721200196204,low
228,79368.0,0.375,0.5,0.09278113502207296,low
229,79368.0,0.0,0.0,0.2375972913387132,medium
230,79413.0,0.0,0.0,0.016914860987376976,low
231,79413.0,0.0,0.0,0.011504532565465917,low
232,79413.0,0.0,0.0,0.1724433383428535,medium
233,79413.0,0.0,0.0,0.19399875563571015,medium
234,79413.0,0.0,0.0,0.6420741047367882,high
235,101277.0,0.14814814814814814,0.2222222222222222,0.09702288370739093,low
236,101277.0,0.03225806451612903,0.03225806451612903,0.027685245110205408,low
237,101277.0,0.3333333333333333,0.3333333333333333,0.3257065347533182,medium
238,101277.0,0.125,0.25,0.2530392011441261,medium
239,101277.0,0.0,0.0,0.6661501855275633,high
240,79420.0,0.07407407407407407,0.07407407407407407,0.0497896299094798,low
241,79420.0,0.016129032258064516,0.016129032258064516,0.017409978917838357,low
242,79420.0,0.6666666666666666,1.3333333333333333,0.30646821887661235,medium
243,79420.0,0.375,0.75,0.2803041820240743,medium
244,79420.0,0.0,0.0,0.5558512334843536,high
245,79422.0,0.037037037037037035,0.037037037037037035,0.0329569051335269,low
246,79422.0,0.016129032258064516,0.016129032258064516,0.015570326484032691,low
247,79422.0,0.0,0.0,0.13607907609743478,low
248,79422.0,0.125,0.125,0.17996883150916643,medium
249,79422.0,0.0,0.0,0.4685760482719586,high
250,79428.0,0.037037037037037035,0.037037037037037035,0.03467001525974222,low
251,79428.0,0.03225806451612903,0.03225806451612903,0.022979065133412732,low
252,79428.0,0.6666666666666666,1.3333333333333333,0.27178514933470965,medium
253,79428.0,0.25,0.625,0.21999400613709505,medium
254,79428.0,0.0,0.0,0.49848254029762246,high
255,79434.0,0.0,0.0,0.011746349545642468,low
256,79434.0,0.0,0.0,0.006524377759477378,low
257,79434.0,0.0,0.0,0.09969228243502552,low
258,79434.0,0.0,0.0,0.1121538177394037,low
259,79434.0,0.0,0.0,0.398514523395342,medium
260,79445.0,0.0,0.0,0.014427226297582044,low
261,79445.0,0.0,0.0,0.00962773518718597,low
262,79445.0,0.3333333333333333,0.3333333333333333,0.2219468631897984,medium
263,79445.0,0.25,0.25,0.22097468660020023,medium
264,79445.0,0.0,0.0,0.4814095873863683,high
265,101574.0,0.0,0.0,0.011985038005723961,low
266,101574.0,0.0,0.0,0.0065211269756562116,low
267,101574.0,0.0,0.0,0.11155152665731054,low
268,101574.0,0.125,0.125,0.12549546748947435,low
269,101574.0,0.0,0.0,0.3780851428607098,medium
270,79476.0,0.0,0.0,0.012507664844207974,low
271,79476.0,0.0,0.0,0.007259450863074874,low
272,79476.0,0.0,0.0,0.08994280393583569,low
273,79476.0,0.0,0.0,0.10118565442781513,low
274,79476.0,0.0,0.0,0.2872887676035209,medium
275,79497.0,0.18518518518518517,0.2222222222222222,0.11797620472269263,low
276,79497.0,0.03225806451612903,0.04838709677419355,0.02954017162985822,low
277,79497.0,0.6666666666666666,1.3333333333333333,0.40008446043025897,high
278,79497.0,0.5,1.375,0.40801158244884755,high
279,79497.0,0.0,0.0,0.777119677746771,high
280,79500.0,0.0,0.0,0.010435213592455061,low
281,79500.0,0.016129032258064516,0.016129032258064516,0.00836462855503185,low
282,79500.0,0.0,0.0,0.08111320357687907,low
283,79500.0,0.25,0.25,0.12329714008403649,low
284,79500.0,0.0,0.0,0.35784448358596854,medium
285,79508.0,0.0,0.0,0.017179641679450738,low
286,79508.0,0.0,0.0,0.011310863261992415,low
287,79508.0,0.6666666666666666,0.6666666666666666,0.24972155130827708,medium
288,79508.0,0.125,0.375,0.19400698208089787,medium
289,79508.0,0.0,0.0,0.4729027591327604,high
290,79537.0,0.0,0.0,0.016635967912574493,low
291,79537.0,0.0,0.0,0.01030998042897002,low
292,79537.0,0.0,0.0,0.1669836389071556,medium
293,79537.0,0.0,0.0,0.1390328793417842,low
294,79537.0,0.0,0.0,0.4424896621867263,high
295,100988.0,0.14814814814814814,0.14814814814814814,0.08695469485358202,low
296,100988.0,0.04838709677419355,0.0967741935483871,0.029097311079742547,low
297,100988.0,0.3333333333333333,0.6666666666666666,0.2755927070471287,medium
298,100988.0,0.375,1.25,0.2780632328764368,medium
299,100988.0,0.0,0.0,0.5654744875451861,high
300,79557.0,0.0,0.0,0.014547642386154898,low
301,79557.0,0.0,0.0,0.007619049253434818,low
302,79557.0,0.0,0.0,0.07803904051333364,low
303,79557.0,0.0,0.0,0.08779392057750035,low
304,79557.0,0.0,0.0,0.312969147618442,medium
305,79566.0,0.0,0.0,0.0157507349810958,low
306,79566.0,0.016129032258064516,0.03225806451612903,0.015168472934254803,low
307,79566.0,0.0,0.0,0.18475870853982204,medium
308,79566.0,0.125,0.125,0.1808430972122913,medium
309,79566.0,0.0,0.0,0.4597342002244519,high
310,79569.0,0.07407407407407407,0.07407407407407407,0.04718477645041616,low
311,79569.0,0.0,0.0,0.010748729341138585,low
312,79569.0,0.0,0.0,0.18136547835757288,medium
313,79569.0,0.0,0.0,0.17356163221054,medium
314,79569.0,0.0,0.0,0.5521563674979981,high
315,79604.0,0.0,0.0,0.014066621894676072,low
316,79604.0,0.0,0.0,0.008479723839109955,low
317,79604.0,0.0,0.0,0.1139660257602365,low
318,79604.0,0.0,0.0,0.12821177898026606,low
319,79604.0,0.0,0.0,0.3662166823612906,medium
320,79612.0,0.0,0.0,0.015455077226999667,low
321,79612.0,0.0,0.0,0.009966956853425638,low
322,79612.0,0.0,0.0,0.13154919780561078,low
323,79612.0,0.0,0.0,0.14799284753131212,low
324,79612.0,0.0,0.0,0.46672218515415814,high
325,79616.0,0.0,0.0,0.01699616888979211,low
326,79616.0,0.0,0.0,0.010459430962298477,low
327,79616.0,0.3333333333333333,0.3333333333333333,0.2234804501756845,medium
328,79616.0,0.25,0.25,0.22250155613424055,medium
329,79616.0,0.0,0.0,0.5806273580344364,high
330,79663.0,0.0,0.0,0.014445588664217081,low
331,79663.0,0.0,0.0,0.009059019120519431,low
332,79663.0,0.0,0.0,0.12230466287037266,low
333,79663.0,0.0,0.0,0.13759274572916924,low
334,79663.0,0.0,0.0,0.4204965280572914,high
335,79698.0,0.0,0.0,0.016121076159554767,low
336,79698.0,0.0,0.0,0.009693125921226285,low
337,79698.0,0.0,0.0,0.11560804075529746,low
338,79698.0,0.0,0.0,0.13005904584970965,low
339,79698.0,0.0,0.0,0.42614806563850754,high
340,79707.0,0.1111111111111111,0.1111111111111111,0.046985844424265684,low
341,79707.0,0.04838709677419355,0.04838709677419355,0.018259264107799954,low
342,79707.0,0.3333333333333333,0.3333333333333333,0.17399002900660573,medium
343,79707.0,0.125,0.125,0.15071704538633243,medium
344,79707.0,0.0,0.0,0.4424159242360903,high
345,104256.0,0.037037037037037035,0.07407407407407407,0.037024428861787244,low
346,104256.0,0.0,0.0,0.01289531702585636,low
347,104256.0,0.3333333333333333,1.0,0.25220656538126984,medium
348,104256.0,0.0,0.0,0.2099906625783641,medium
349,104256.0,0.0,0.0,0.6520739809444838,high
350,79775.0,0.0,0.0,0.018154044969852286,low
351,79775.0,0.0,0.0,0.012009832532007415,low
352,79775.0,0.0,0.0,0.19251433641486038,medium
353,79775.0,0.25,0.25,0.24892648294779215,medium
354,79775.0,0.0,0.0,0.5826062469009001,high
355,104258.0,0.1111111111111111,0.3333333333333333,0.07873595407379413,low
356,104258.0,0.06451612903225806,0.08064516129032258,0.04461436759479193,low
357,104258.0,0.3333333333333333,2.0,0.37526212600829734,medium
358,104258.0,0.5,1.5,0.42216989175933456,high
359,104258.0,0.0,0.0,0.8031479359131081,high
360,79789.0,0.0,0.0,0.017831457783290275,low
361,79789.0,0.0,0.0,0.01157639434692211,low
362,79789.0,0.0,0.0,0.17190504932945108,medium
363,79789.0,0.375,0.625,0.2511630029808292,medium
364,79789.0,0.0,0.0,0.5031231569072897,high
365,79832.0,0.0,0.0,0.01471102831949517,low
366,79832.0,0.0,0.0,0.00983717453732642,low
367,79832.0,0.3333333333333333,0.3333333333333333,0.263888522068543,medium
368,79832.0,0.25,0.75,0.2627326316913075,medium
369,79832.0,0.0,0.0,0.7321549912411723,high
370,79870.0,0.0,0.0,0.014911684779821787,low
371,79870.0,0.0,0.0,0.009019726777355694,low
372,79870.0,0.0,0.0,0.14557987724487587,low
373,79870.0,0.125,0.125,0.1637773619004854,medium
374,79870.0,0.0,0.0,0.44277893376472716,high
375,79877.0,0.0,0.0,0.012151075886346249,low
376,79877.0,0.0,0.0,0.006216301057276437,low
377,79877.0,0.0,0.0,0.07792188287107353,low
378,79877.0,0.0,0.0,0.08766211822995772,low
379,79877.0,0.0,0.0,0.30719799549710647,medium
380,79895.0,0.0,0.0,0.013218839227072003,low
381,79895.0,0.016129032258064516,0.03225806451612903,0.011988497428066515,low
382,79895.0,0.0,0.0,0.17155509148311152,medium
383,79895.0,0.0,0.0,0.14283913376628476,low
384,79895.0,0.0,0.0,0.5448605064260074,high
385,79927.0,0.0,0.0,0.01727427266797434,low
386,79927.0,0.0,0.0,0.010665711240183454,low
387,79927.0,0.3333333333333333,1.3333333333333333,0.17768379719295954,medium
388,79927.0,0.0,0.0,0.17003836748565518,medium
389,79927.0,0.0,0.0,0.5312103662388984,high
390,79960.0,0.0,0.0,0.017091685524492587,low
391,79960.0,0.016129032258064516,0.016129032258064516,0.015007406920057285,low
392,79960.0,0.0,0.0,0.10433654256368723,low
393,79960.0,0.125,0.125,0.13798833874686459,low
394,79960.0,0.0,0.0,0.3598867315071966,medium
395,79977.0,0.0,0.0,0.01639027253213983,low
396,79977.0,0.016129032258064516,0.016129032258064516,0.015119663697304102,low
397,79977.0,0.0,0.0,0.13987481124246326,low
398,79977.0,0.125,0.125,0.18498880988027125,medium
399,79977.0,0.0,0.0,0.4672473448832331,high
400,80031.0,0.037037037037037035,0.037037037037037035,0.024811926579876645,low
401,80031.0,0.016129032258064516,0.016129032258064516,0.012105638182388597,low
402,80031.0,0.0,0.0,0.15377811719040357,medium
403,80031.0,0.125,0.125,0.17300038183920405,medium
404,80031.0,0.0,0.0,0.5143176920042362,high
405,80060.0,0.037037037037037035,0.037037037037037035,0.0347811067591448,low
406,80060.0,0.016129032258064516,0.016129032258064516,0.017808801720698014,low
407,80060.0,0.0,0.0,0.22818842109321202,medium
408,80060.0,0.125,0.125,0.25671197372986354,medium
409,80060.0,0.0,0.0,0.8015711841100713,high
410,80244.0,0.0,0.0,0.01808973334310131,low
411,80244.0,0.03225806451612903,0.03225806451612903,0.023150919996265156,low
412,80244.0,0.0,0.0,0.16862666998660145,medium
413,80244.0,0.125,0.5,0.22301404175496578,medium
414,80244.0,0.0,0.0,0.5656575187192229,high
415,80285.0,0.0,0.0,0.01316351575184211,low
416,80285.0,0.0,0.0,0.0076911741424226555,low
417,80285.0,0.0,0.0,0.10175298247515857,low
418,80285.0,0.125,0.375,0.1345714997764611,low
419,80285.0,0.0,0.0,0.33335226155811176,medium
420,80318.0,0.0,0.0,0.01172330390964655,low
421,80318.0,0.016129032258064516,0.016129032258064516,0.008970868928899027,low
422,80318.0,0.0,0.0,0.08025208133160877,low
423,80318.0,0.125,0.25,0.10613588596888247,low
424,80318.0,0.0,0.0,0.39146326964516925,medium
425,80334.0,0.0,0.0,0.014638829814336455,low
426,80334.0,0.0,0.0,0.00888392623948113,low
427,80334.0,0.3333333333333333,0.3333333333333333,0.15292658915651558,medium
428,80334.0,0.0,0.0,0.12732878596669103,low
429,80334.0,0.0,0.0,0.38994825779594045,medium
430,104165.0,0.0,0.0,0.017661327090512543,low
431,104165.0,0.0,0.0,0.011406179038717537,low
432,104165.0,0.0,0.0,0.16316246010942642,medium
433,104165.0,0.0,0.0,0.18355776762310472,medium
434,104165.0,0.0,0.0,0.5842664360065121,high
435,80490.0,0.0,0.0,0.017082436281934846,low
436,80490.0,0.0,0.0,0.010737664982643579,low
437,80490.0,0.0,0.0,0.17199059972371925,medium
438,80490.0,0.125,0.125,0.19348942468918412,medium
439,80490.0,0.0,0.0,0.5978164956444622,high
440,80564.0,0.0,0.0,0.019376646454547793,low
441,80564.0,0.0,0.0,0.012391255041570647,low
442,80564.0,0.0,0.0,0.1467151250062956,low
443,80564.0,0.0,0.0,0.1650545156320826,medium
444,80564.0,0.0,0.0,0.5341749894179308,high
445,80648.0,0.0,0.0,0.020318661729659463,low
446,80648.0,0.016129032258064516,0.016129032258064516,0.020307398605243637,low
447,80648.0,0.0,0.0,0.1892996829294956,medium
448,80648.0,0.125,0.125,0.25035474754020054,medium
449,80648.0,0.0,0.0,0.7606146016178037,high
450,100867.0,0.0,0.0,0.01621832764922672,low
451,100867.0,0.0,0.0,0.010712331778833685,low
452,100867.0,0.0,0.0,0.17939337899559984,medium
453,100867.0,0.25,0.375,0.23196071383101405,medium
454,100867.0,0.0,0.0,0.5581702245987775,high
455,80758.0,0.037037037037037035,0.07407407407407407,0.03148748467471429,low
456,80758.0,0.0,0.0,0.007970288543293343,low
457,80758.0,0.0,0.0,0.0896805977405119,low
458,80758.0,0.0,0.0,0.10089067245807591,low
459,80758.0,0.0,0.0,0.3763221252000286,medium
460,80806.0,0.0,0.0,0.014637825358108593,low
461,80806.0,0.03225806451612903,0.03225806451612903,0.017941199857035427,low
462,80806.0,0.0,0.0,0.15461191404294353,medium
463,80806.0,0.0,0.0,0.1479592279826417,low
464,80806.0,0.0,0.0,0.4906770092391979,high
465,80919.0,0.037037037037037035,0.037037037037037035,0.027777198228105985,low
466,80919.0,0.016129032258064516,0.016129032258064516,0.012197152686492914,low
467,80919.0,0.0,0.0,0.13571040095312414,low
468,80919.0,0.0,0.0,0.12987101465325557,low
469,80919.0,0.0,0.0,0.4320351645961607,high
470,80920.0,0.0,0.0,0.012159846903194164,low
471,80920.0,0.016129032258064516,0.016129032258064516,0.010811861692731298,low
472,80920.0,0.0,0.0,0.13513713844854178,low
473,80920.0,0.0,0.0,0.12932241865317082,low
474,80920.0,0.0,0.0,0.40978241142131555,high
475,80940.0,0.0,0.0,0.01486732570850646,low
476,80940.0,0.0,0.0,0.00846067496759155,low
477,80940.0,0.0,0.0,0.11483981932190696,low
478,80940.0,0.0,0.0,0.12919479673714532,low
479,80940.0,0.0,0.0,0.516760676834556,high
480,81029.0,0.037037037037037035,0.037037037037037035,0.03116256576825737,low
481,81029.0,0.016129032258064516,0.04838709677419355,0.014745097134269882,low
482,81029.0,0.0,0.0,0.19061237144445417,medium
483,81029.0,0.375,0.375,0.24230513294524395,medium
484,81029.0,0.0,0.0,0.5447899746121042,high
485,87429.0,0.0,0.0,0.012079064229741086,low
486,87429.0,0.03225806451612903,0.04838709677419355,0.012695515627990647,low
487,87429.0,0.0,0.0,0.09922247283577867,low
488,87429.0,0.25,0.375,0.1282974642427029,low
489,87429.0,0.0,0.0,0.2909433092851383,medium
490,81122.0,0.0,0.0,0.01773239902228319,low
491,81122.0,0.016129032258064516,0.016129032258064516,0.0163916155094016,low
492,81122.0,0.0,0.0,0.13877602430538657,low
493,81122.0,0.125,0.125,0.18353562981163504,medium
494,81122.0,0.0,0.0,0.5034530715154933,high
495,81141.0,0.0,0.0,0.012095880347569104,low
496,81141.0,0.0,0.0,0.006259932313808777,low
497,81141.0,0.0,0.0,0.0800193376623215,low
498,81141.0,0.0,0.0,0.09002175487011167,low
499,81141.0,0.0,0.0,0.3476592973604359,medium
500,81145.0,0.0,0.0,0.01497266748027905,low
501,81145.0,0.0,0.0,0.008875189547394474,low
502,81145.0,0.0,0.0,0.12158535831691213,low
503,81145.0,0.0,0.0,0.13678352810652614,low
504,81145.0,0.0,0.0,0.48905674209642647,high
505,102505.0,0.07407407407407407,0.07407407407407407,0.04160297628617359,low
506,102505.0,0.03225806451612903,0.03225806451612903,0.01522965939400159,low
507,102505.0,0.0,0.0,0.11838065912107686,low
508,102505.0,0.125,0.25,0.13317824151121146,low
509,102505.0,0.0,0.0,0.3905226153441328,medium
510,81290.0,0.0,0.0,0.011200891014390013,low
511,81290.0,0.0,0.0,0.006103282007627737,low
512,81290.0,0.0,0.0,0.11730876143551283,low
513,81290.0,0.125,0.125,0.11482262414474206,low
514,81290.0,0.0,0.0,0.41968837894627964,high
515,81409.0,0.0,0.0,0.017484159176794037,low
516,81409.0,0.0,0.0,0.011418690857872093,low
517,81409.0,0.0,0.0,0.18332696313491073,medium
518,81409.0,0.0,0.0,0.17543871765477045,medium
519,81409.0,0.0,0.0,0.5207919051540532,high
520,81453.0,0.0,0.0,0.009717400192122229,low
521,81453.0,0.0,0.0,0.00508201294587685,low
522,81453.0,0.0,0.0,0.09620755719615366,low
523,81453.0,0.375,0.375,0.1405646842201049,low
524,81453.0,0.0,0.0,0.42151048429395743,high
525,81628.0,0.037037037037037035,0.037037037037037035,0.02746839404617795,low
526,81628.0,0.016129032258064516,0.016129032258064516,0.012812315289485489,low
527,81628.0,0.0,0.0,0.12624220341720424,low
528,81628.0,0.125,0.25,0.16695925992229038,medium
529,81628.0,0.0,0.0,0.5957801252450967,high
530,81810.0,0.0,0.0,0.015381677589581658,low
531,81810.0,0.016129032258064516,0.016129032258064516,0.014085303722108915,low
532,81810.0,0.0,0.0,0.13063371540148327,low
533,81810.0,0.0,0.0,0.1250127701927233,low
534,81810.0,0.0,0.0,0.380339261474502,medium
535,81956.0,0.0,0.0,0.011080144302795468,low
536,81956.0,0.0,0.0,0.004896888907527152,low
537,81956.0,0.0,0.0,0.08006172318796574,low
538,81956.0,0.25,0.25,0.10352207291706736,low
539,81956.0,0.0,0.0,0.29986114824933624,medium
540,82898.0,0.07407407407407407,0.07407407407407407,0.04584206860550091,low
541,82898.0,0.0,0.0,0.010283054575201666,low
542,82898.0,0.3333333333333333,0.3333333333333333,0.18369669813567516,medium
543,82898.0,0.125,0.125,0.17980359410970162,medium
544,82898.0,0.0,0.0,0.46791454330990045,high
545,86833.0,0.037037037037037035,0.037037037037037035,0.03517466154451962,low
546,86833.0,0.0,0.0,0.011689845357953478,low
547,86833.0,0.0,0.0,0.18597710719966906,medium
548,86833.0,0.0,0.0,0.17797483055584679,medium
549,86833.0,0.0,0.0,0.6488310662724914,high
550,86835.0,0.0,0.0,0.012979853212004585,low
551,86835.0,0.0,0.0,0.007507098291010038,low
552,86835.0,0.0,0.0,0.12742555669064926,low
553,86835.0,0.125,0.125,0.14335375127698044,low
554,86835.0,0.0,0.0,0.4220002038001443,high
555,86904.0,0.07407407407407407,0.1111111111111111,0.04101415843829961,low
556,86904.0,0.06451612903225806,0.12903225806451613,0.023052944286441772,low
557,86904.0,0.0,0.0,0.12787600451012393,low
558,86904.0,0.25,1.0,0.12731587918927278,low
559,86904.0,0.0,0.0,0.33488185166262646,medium
560,86925.0,0.037037037037037035,0.037037037037037035,0.02525875635631726,low
561,86925.0,0.0,0.0,0.007067413965631085,low
562,86925.0,0.3333333333333333,0.3333333333333333,0.10803356216682469,low
563,86925.0,0.25,0.25,0.13969045200123328,low
564,86925.0,0.0,0.0,0.33157824605608394,medium
565,87405.0,0.0,0.0,0.012127992276993778,low
566,87405.0,0.0,0.0,0.006825306631693796,low
567,87405.0,0.0,0.0,0.14352826884343153,low
568,87405.0,0.375,0.375,0.18245214620627526,medium
569,87405.0,0.0,0.0,0.5134443962554595,high
570,87429.0,0.037037037037037035,0.037037037037037035,0.030442879801179327,low
571,87429.0,0.03225806451612903,0.04838709677419355,0.01910958742465341,low
572,87429.0,0.0,0.0,0.1667529856453923,medium
573,87429.0,0.25,0.375,0.21561632765001187,medium
574,87429.0,0.0,0.0,0.5037440891196464,high
575,87458.0,0.037037037037037035,0.037037037037037035,0.03958432296300041,low
576,87458.0,0.04838709677419355,0.08064516129032258,0.03368488316340802,low
577,87458.0,0.3333333333333333,2.3333333333333335,0.29235465647285314,medium
578,87458.0,0.375,0.375,0.2949754432776766,medium
579,87458.0,0.0,0.0,0.6491758273262339,high
580,87459.0,0.037037037037037035,0.037037037037037035,0.03135420497185836,low
581,87459.0,0.0,0.0,0.009564637843925585,low
582,87459.0,0.3333333333333333,0.3333333333333333,0.14120165149350727,low
583,87459.0,0.125,0.125,0.15885185793019566,medium
584,87459.0,0.0,0.0,0.4780354916894265,high
585,87480.0,0.0,0.0,0.015592415654899867,low
586,87480.0,0.0,0.0,0.009650323491060165,low
587,87480.0,0.3333333333333333,0.6666666666666666,0.24933807889952042,medium
588,87480.0,0.125,0.125,0.1755974604749346,medium
589,87480.0,0.0,0.0,0.5615277842998544,high
590,87488.0,0.0,0.0,0.01284621851707607,low
591,87488.0,0.0,0.0,0.006716190370022856,low
592,87488.0,0.0,0.0,0.07418664100588161,low
593,87488.0,0.0,0.0,0.08345997113161682,low
594,87488.0,0.0,0.0,0.3230986628446025,medium
595,87511.0,0.0,0.0,0.010794034389955432,low
596,87511.0,0.0,0.0,0.005897767093920018,low
597,87511.0,0.0,0.0,0.07617924709870022,low
598,87511.0,0.0,0.0,0.08570165298603773,low
599,87511.0,0.0,0.0,0.2806857007548668,medium
600,87712.0,0.0,0.0,0.020190050590086654,low
601,87712.0,0.0,0.0,0.014251993681086404,low
602,87712.0,0.3333333333333333,1.3333333333333333,0.28657031912707104,medium
603,87712.0,0.25,0.5,0.28531507743757367,medium
604,87712.0,0.0,0.0,0.6914729768664516,high
605,104455.0,0.037037037037037035,0.037037037037037035,0.02602260418423729,low
606,104455.0,0.016129032258064516,0.016129032258064516,0.011403307855843084,low
607,104455.0,0.0,0.0,0.1381199709837514,low
608,104455.0,0.0,0.0,0.11500059159180144,low
609,104455.0,0.0,0.0,0.3484625438654276,medium
610,96916.0,0.0,0.0,0.015246994754140668,low
611,96916.0,0.0,0.0,0.008465857853450788,low
612,96916.0,0.0,0.0,0.11524082840286086,low
613,96916.0,0.0,0.0,0.12964593195321847,low
614,96916.0,0.0,0.0,0.48177787927299237,high
615,88179.0,0.0,0.0,0.014717483347564122,low
616,88179.0,0.0,0.0,0.008863359985292923,low
617,88179.0,0.0,0.0,0.11998720056674207,low
618,88179.0,0.0,0.0,0.13498560063758483,low
619,88179.0,0.0,0.0,0.4386104316128373,high
620,88183.0,0.0,0.0,0.01614861131138334,low
621,88183.0,0.0,0.0,0.00986046599911262,low
622,88183.0,0.0,0.0,0.13446383869253664,low
623,88183.0,0.0,0.0,0.15127181852910374,medium
624,88183.0,0.0,0.0,0.52792584712006,high
625,88230.0,0.0,0.0,0.014031572963278952,low
626,88230.0,0.03225806451612903,0.06451612903225806,0.014896349868373493,low
627,88230.0,0.0,0.0,0.11146522661803475,low
628,88230.0,0.125,0.125,0.1253983799452891,low
629,88230.0,0.0,0.0,0.3657861964038325,medium
630,101619.0,0.037037037037037035,0.037037037037037035,0.03895918581659706,low
631,101619.0,0.016129032258064516,0.016129032258064516,0.01927590035933999,low
632,101619.0,0.3333333333333333,0.6666666666666666,0.26156702295110096,medium
633,101619.0,0.25,0.25,0.23356073279460116,medium
634,101619.0,0.0,0.0,0.5573890389476093,high
635,88755.0,0.0,0.0,0.008272269460755212,low
636,88755.0,0.0,0.0,0.004467298254598443,low
637,88755.0,0.0,0.0,0.06604380987427533,low
638,88755.0,0.0,0.0,0.07429928610855975,low
639,88755.0,0.0,0.0,0.2554195141757396,medium
640,95098.0,0.0,0.0,0.011588758962223203,low
641,95098.0,0.0,0.0,0.004892936723435713,low
642,95098.0,0.0,0.0,0.0396140173188457,low
643,95098.0,0.0,0.0,0.04456576948370142,low
644,95098.0,0.0,0.0,0.19155578201678403,medium
645,95100.0,0.0,0.0,0.016655189032278524,low
646,95100.0,0.0,0.0,0.010472520096498718,low
647,95100.0,0.0,0.0,0.14051796188845697,low
648,95100.0,0.0,0.0,0.15808270712451408,medium
649,95100.0,0.0,0.0,0.5322656800996771,high
650,95107.0,0.0,0.0,0.020454509048884587,low
651,95107.0,0.0,0.0,0.014885841294660536,low
652,95107.0,0.3333333333333333,0.3333333333333333,0.36544532014170344,medium
653,95107.0,0.25,0.25,0.32631665798563003,medium
654,95107.0,0.0,0.0,0.705348298894671,high
655,95108.0,0.0,0.0,0.018159505150815377,low
656,95108.0,0.0,0.0,0.012534277243984933,low
657,95108.0,0.3333333333333333,0.3333333333333333,0.22287286657860209,medium
658,95108.0,0.25,0.25,0.28818092125019246,medium
659,95108.0,0.0,0.0,0.7289009511498351,high
660,95112.0,0.0,0.0,0.014949305790930192,low
661,95112.0,0.0,0.0,0.008987788987638808,low
662,95112.0,0.0,0.0,0.104993081835888,low
663,95112.0,0.0,0.0,0.11811721706537401,low
664,95112.0,0.0,0.0,0.3950995436142264,medium
665,95113.0,0.1111111111111111,0.14814814814814814,0.0749544215245577,low
666,95113.0,0.03225806451612903,0.06451612903225806,0.026123902087314913,low
667,95113.0,0.3333333333333333,0.3333333333333333,0.2594316862747809,medium
668,95113.0,0.375,0.75,0.2918606470591285,medium
669,95113.0,0.0,0.0,0.6136173842606502,high
670,95160.0,0.0,0.0,0.0212228875442259,low
671,95160.0,0.0,0.0,0.014993248185384172,low
672,95160.0,0.6666666666666666,0.6666666666666666,0.37427759360755414,medium
673,95160.0,0.25,0.5,0.30295557879682106,medium
674,95160.0,0.0,0.0,0.7285482996491845,high
675,95163.0,0.0,0.0,0.01944391019241149,low
676,95163.0,0.0,0.0,0.013319656078728957,low
677,95163.0,0.3333333333333333,0.3333333333333333,0.32277941163011487,medium
678,95163.0,0.375,1.0,0.32567293839337835,medium
679,95163.0,0.0,0.0,0.6701428040530762,high
680,95183.0,0.07407407407407407,0.07407407407407407,0.05523700848930366,low
681,95183.0,0.03225806451612903,0.04838709677419355,0.026242980196961693,low
682,95183.0,0.6666666666666666,2.3333333333333335,0.3559778494874665,medium
683,95183.0,0.375,1.125,0.32558703895964736,medium
684,95183.0,0.0,0.0,0.7065605496559367,high
685,95192.0,0.0,0.0,0.013483932112942243,low
686,95192.0,0.0,0.0,0.008063342696228729,low
687,95192.0,0.0,0.0,0.13923679509805373,low
688,95192.0,0.25,0.625,0.1800371148774636,medium
689,95192.0,0.0,0.0,0.4731034832595882,high
690,95255.0,0.0,0.0,0.01647204710625237,low
691,95255.0,0.0,0.0,0.010913168371684028,low
692,95255.0,0.0,0.0,0.21372858799157687,medium
693,95255.0,0.125,0.125,0.2091990148701204,medium
694,95255.0,0.0,0.0,0.5692303686391947,high
695,95404.0,0.0,0.0,0.013797209597816398,low
696,95404.0,0.0,0.0,0.008593718975810124,low
697,95404.0,0.0,0.0,0.12432070799895621,low
698,95404.0,0.0,0.0,0.13986079649882574,low
699,95404.0,0.0,0.0,0.48602945784293244,high
700,95408.0,0.0,0.0,0.01681674742638821,low
701,95408.0,0.0,0.0,0.010231937740057487,low
702,95408.0,0.0,0.0,0.1189656428411882,low
703,95408.0,0.0,0.0,0.13383634819633672,low
704,95408.0,0.0,0.0,0.40946557231411806,high
705,96740.0,0.0,0.0,0.01514454270501819,low
706,96740.0,0.0,0.0,0.009524266019614359,low
707,96740.0,0.0,0.0,0.14312787067911364,low
708,96740.0,0.0,0.0,0.16101885451400286,medium
709,96740.0,0.0,0.0,0.5527508668558598,high
710,100111.0,0.0,0.0,0.012514053487105823,low
711,100111.0,0.0,0.0,0.006776927524386646,low
712,100111.0,0.0,0.0,0.08461944942218887,low
713,100111.0,0.0,0.0,0.09519688059996248,low
714,100111.0,0.0,0.0,0.3951611281965847,medium
715,100137.0,0.0,0.0,0.01128932450246752,low
716,100137.0,0.03225806451612903,0.06451612903225806,0.013539388486871829,low
717,100137.0,0.0,0.0,0.14618794361089638,low
718,100137.0,0.0,0.0,0.12171809680455073,low
719,100137.0,0.0,0.0,0.4407758666311763,high
720,100140.0,0.0,0.0,0.013776282096634526,low
721,100140.0,0.016129032258064516,0.03225806451612903,0.012196753898277598,low
722,100140.0,0.0,0.0,0.152210115311579,medium
723,100140.0,0.375,0.375,0.17123637972552633,medium
724,100140.0,0.0,0.0,0.35630919207441414,medium
725,100148.0,0.0,0.0,0.015956482971641636,low
726,100148.0,0.03225806451612903,0.03225806451612903,0.01834573039280797,low
727,100148.0,0.0,0.0,0.1736225357169994,medium
728,100148.0,0.0,0.0,0.12793538590293538,low
729,100148.0,0.0,0.0,0.41475067117294545,high
730,100135.0,0.0,0.0,0.010724805461608207,low
731,100135.0,0.0,0.0,0.005587500014994735,low
732,100135.0,0.0,0.0,0.06286517515258139,low
733,100135.0,0.0,0.0,0.07072332204665406,low
734,100135.0,0.0,0.0,0.21977470069398544,medium
735,100153.0,0.0,0.0,0.01436546390738426,low
736,100153.0,0.0,0.0,0.008109230101042962,low
737,100153.0,0.0,0.0,0.09983167191035436,low
738,100153.0,0.0,0.0,0.11231063089914864,low
739,100153.0,0.0,0.0,0.41991886777910686,high
740,100326.0,0.037037037037037035,0.037037037037037035,0.027247057633159148,low
741,100326.0,0.016129032258064516,0.016129032258064516,0.012433863600868874,low
742,100326.0,0.3333333333333333,0.3333333333333333,0.14482500254577194,low
743,100326.0,0.0,0.0,0.12058329328788543,low
744,100326.0,0.0,0.0,0.49063240869804164,high
745,100327.0,0.037037037037037035,0.037037037037037035,0.024988042044094518,low
746,100327.0,0.0,0.0,0.007150016794144719,low
747,100327.0,0.0,0.0,0.09819682698617566,low
748,100327.0,0.0,0.0,0.09397158557382657,low
749,100327.0,0.0,0.0,0.42760534933973227,high
750,100406.0,0.07407407407407407,0.1111111111111111,0.05129457189499708,low
751,100406.0,0.0,0.0,0.012505962629590387,low
752,100406.0,0.0,0.0,0.25280422585549595,medium
753,100406.0,0.125,0.5,0.2474465185071894,medium
754,100406.0,0.0,0.0,0.7735071332426336,high
755,100424.0,0.1111111111111111,0.37037037037037035,0.06219791815344517,low
756,100424.0,0.03225806451612903,0.2903225806451613,0.02077281508719995,low
757,100424.0,0.0,0.0,0.2022876399584235,medium
758,100424.0,0.0,0.0,0.14905753550137255,low
759,100424.0,0.0,0.0,0.45521711239915835,high
760,100425.0,0.1111111111111111,0.37037037037037035,0.06377704258805333,low
761,100425.0,0.03225806451612903,0.2903225806451613,0.021554699254223937,low
762,100425.0,0.0,0.0,0.2135464842809385,medium
763,100425.0,0.0,0.0,0.15735372002185355,medium
764,100425.0,0.0,0.0,0.483886223823624,high
765,100451.0,0.037037037037037035,0.037037037037037035,0.03161593394476248,low
766,100451.0,0.016129032258064516,0.016129032258064516,0.014955792044098389,low
767,100451.0,0.3333333333333333,0.6666666666666666,0.15241203090435457,medium
768,100451.0,0.25,0.25,0.17146353476739892,medium
769,100451.0,0.0,0.0,0.5463886817652558,high
770,104896.0,0.037037037037037035,0.037037037037037035,0.03271291627719008,low
771,104896.0,0.016129032258064516,0.016129032258064516,0.015886772023821598,low
772,104896.0,0.3333333333333333,0.6666666666666666,0.16713255207737435,medium
773,104896.0,0.25,0.25,0.18802412108704614,medium
774,104896.0,0.0,0.0,0.5994323969607237,high
775,100471.0,0.0,0.0,0.018733508691357485,low
776,100471.0,0.0,0.0,0.012853328815253138,low
777,100471.0,0.3333333333333333,0.3333333333333333,0.26884740470692947,medium
778,100471.0,0.0,0.0,0.19810271937421106,medium
779,100471.0,0.0,0.0,0.7312504737828549,high
780,100474.0,0.14814814814814814,0.14814814814814814,0.0576936936767447,low
781,100474.0,0.06451612903225806,0.06451612903225806,0.020471819987076676,low
782,100474.0,0.0,0.0,0.12941039606541238,low
783,100474.0,0.25,0.25,0.14558669557358891,low
784,100474.0,0.0,0.0,0.36138941317519924,medium
785,100484.0,0.0,0.0,0.012847663286132975,low
786,100484.0,0.0,0.0,0.006753892868902318,low
787,100484.0,0.3333333333333333,0.3333333333333333,0.09981317084765379,low
788,100484.0,0.125,0.125,0.11228981720361052,low
789,100484.0,0.0,0.0,0.38222426358930484,medium
790,113789.0,0.0,0.0,0.020551957227791587,low
791,113789.0,0.0,0.0,0.014310060638485382,low
792,113789.0,0.3333333333333333,0.6666666666666666,0.2509126517902653,medium
793,113789.0,0.125,0.125,0.2455950327760634,medium
794,113789.0,0.0,0.0,0.7272105964769761,high
795,100757.0,0.1111111111111111,0.1111111111111111,0.06386887599685508,low
796,100757.0,0.03225806451612903,0.03225806451612903,0.020720761729802282,low
797,100757.0,0.0,0.0,0.19472448199693904,medium
798,100757.0,0.5,0.875,0.2442585390058336,medium
799,100757.0,0.0,0.0,0.5435759824287226,high
800,100607.0,0.07407407407407407,0.07407407407407407,0.04117555744583027,low
801,100607.0,0.04838709677419355,0.04838709677419355,0.022408565107693654,low
802,100607.0,0.0,0.0,0.1899061134452854,medium
803,100607.0,0.375,0.875,0.21364437762594604,medium
804,100607.0,0.0,0.0,0.43467246906218127,high
805,100615.0,0.07407407407407407,0.07407407407407407,0.043356878850663756,low
806,100615.0,0.0,0.0,0.008832366855151767,low
807,100615.0,0.0,0.0,0.12036972236363254,low
808,100615.0,0.0,0.0,0.11519041920961735,low
809,100615.0,0.0,0.0,0.3785858620138867,medium
810,100630.0,0.037037037037037035,0.037037037037037035,0.03131679308306079,low
811,100630.0,0.0,0.0,0.010171105830304892,low
812,100630.0,0.3333333333333333,0.3333333333333333,0.14585904667484825,low
813,100630.0,0.125,0.125,0.16409142750920427,medium
814,100630.0,0.0,0.0,0.41816284744187865,high
815,100657.0,0.0,0.0,0.014485088649013659,low
816,100657.0,0.016129032258064516,0.016129032258064516,0.014035522390151607,low
817,100657.0,0.0,0.0,0.15502807380719197,medium
818,100657.0,0.125,0.125,0.17440658303309095,medium
819,100657.0,0.0,0.0,0.4411488615653551,high
820,100673.0,0.0,0.0,0.011687793121822936,low
821,100673.0,0.0,0.0,0.006212438372697856,low
822,100673.0,0.0,0.0,0.0856345881800497,low
823,100673.0,0.0,0.0,0.0963389117025559,low
824,100673.0,0.0,0.0,0.3049697823392066,medium
825,100690.0,0.0,0.0,0.015674356584741714,low
826,100690.0,0.0,0.0,0.010053540042542185,low
827,100690.0,0.0,0.0,0.21894611789294316,medium
828,100690.0,0.0,0.0,0.16133249044490663,medium
829,100690.0,0.0,0.0,0.5795388224495183,high
830,100709.0,0.0,0.0,0.0155740531309347,low
831,100709.0,0.04838709677419355,0.06451612903225806,0.02566671118478653,low
832,100709.0,0.6666666666666666,1.3333333333333333,0.2266469191140662,medium
833,100709.0,0.375,0.875,0.22867867486625554,medium
834,100709.0,0.0,0.0,0.4535128573542152,high
835,100732.0,0.0,0.0,0.020036558922122846,low
836,100732.0,0.016129032258064516,0.03225806451612903,0.020249817318202395,low
837,100732.0,0.0,0.0,0.265050787353486,medium
838,100732.0,0.375,0.75,0.2981821357726717,medium
839,100732.0,0.0,0.0,0.727261404332446,high
840,100753.0,0.2222222222222222,0.5925925925925926,0.126096905857351,low
841,100753.0,0.0967741935483871,0.14516129032258066,0.049325333861172514,low
842,100753.0,0.3333333333333333,0.6666666666666666,0.2302269949048984,medium
843,100753.0,0.5,2.75,0.28879218903793497,medium
844,100753.0,0.0,0.0,0.5697852950443067,high
845,100746.0,0.0,0.0,0.011817738191850074,low
846,100746.0,0.0,0.0,0.00569377030771195,low
847,100746.0,0.0,0.0,0.07509778273251921,low
848,100746.0,0.0,0.0,0.08448500557408412,low
849,100746.0,0.0,0.0,0.3602155879342135,medium
850,100747.0,0.18518518518518517,0.2222222222222222,0.08466662664956796,low
851,100747.0,0.03225806451612903,0.03225806451612903,0.01895656776170785,low
852,100747.0,0.6666666666666666,0.6666666666666666,0.20127975010719298,medium
853,100747.0,0.375,0.75,0.22643971887059205,medium
854,100747.0,0.0,0.0,0.49700487147193995,high
855,100749.0,0.0,0.0,0.013514518497837906,low
856,100749.0,0.0,0.0,0.008349928454722754,low
857,100749.0,0.0,0.0,0.1169122470507477,low
858,100749.0,0.0,0.0,0.13152627793209115,low
859,100749.0,0.0,0.0,0.45780055206571657,high
860,100761.0,0.07407407407407407,0.07407407407407407,0.03829697091448991,low
861,100761.0,0.0,0.0,0.006906481459829584,low
862,100761.0,0.0,0.0,0.08317524611163943,low
863,100761.0,0.0,0.0,0.09357215187559434,low
864,100761.0,0.0,0.0,0.34755410637662404,medium
865,100762.0,0.0,0.0,0.020363606496209278,low
866,100762.0,0.016129032258064516,0.016129032258064516,0.021708872355550964,low
867,100762.0,0.0,0.0,0.2334381934328098,medium
868,100762.0,0.25,0.25,0.30184218775111565,medium
869,100762.0,0.0,0.0,0.811968024006607,high
870,100769.0,0.037037037037037035,0.037037037037037035,0.03582612597727561,low
871,100769.0,0.0,0.0,0.012759489273744597,low
872,100769.0,0.0,0.0,0.17376411529547411,medium
873,100769.0,0.375,0.5,0.298456161850372,medium
874,100769.0,0.0,0.0,0.7416076649385871,high
875,100777.0,0.0,0.0,0.019427083611850596,low
876,100777.0,0.016129032258064516,0.016129032258064516,0.020926286510153446,low
877,100777.0,0.0,0.0,0.19747483495080395,medium
878,100777.0,0.125,0.125,0.26116664161590114,medium
879,100777.0,0.0,0.0,0.7612785511938525,high
880,100784.0,0.07407407407407407,0.07407407407407407,0.058323814418862314,low
881,100784.0,0.0,0.0,0.0147391374411269,low
882,100784.0,0.3333333333333333,0.3333333333333333,0.2696369927362751,medium
883,100784.0,0.375,0.375,0.3427606869208794,medium
884,100784.0,0.0,0.0,0.7579221838484155,high
885,100808.0,0.07407407407407407,0.07407407407407407,0.061664142574792344,low
886,100808.0,0.0,0.0,0.015318642998156334,low
887,100808.0,0.3333333333333333,1.0,0.29312947887053653,medium
888,100808.0,0.375,0.5,0.3297706637293536,medium
889,100808.0,0.0,0.0,0.7491614932808754,high
890,100787.0,0.07407407407407407,0.1111111111111111,0.045129598154487326,low
891,100787.0,0.0,0.0,0.008822189078660453,low
892,100787.0,0.3333333333333333,0.3333333333333333,0.22479723108242275,medium
893,100787.0,0.375,1.0,0.20560567164455154,medium
894,100787.0,0.0,0.0,0.4817515796067856,high
895,100828.0,0.037037037037037035,0.037037037037037035,0.02912985067337536,low
896,100828.0,0.016129032258064516,0.016129032258064516,0.013460247160077201,low
897,100828.0,0.0,0.0,0.1108960118491558,low
898,100828.0,0.25,0.5,0.16856887047701072,medium
899,100828.0,0.0,0.0,0.4203695284055296,high
900,100829.0,0.037037037037037035,0.037037037037037035,0.02880152216896891,low
901,100829.0,0.016129032258064516,0.016129032258064516,0.013188648858917905,low
902,100829.0,0.0,0.0,0.1074932179375966,low
903,100829.0,0.25,0.5,0.16339641101185146,medium
904,100829.0,0.0,0.0,0.40744778800690123,high
905,100831.0,0.037037037037037035,0.037037037037037035,0.029561602452506826,low
906,100831.0,0.0,0.0,0.00939861273681002,low
907,100831.0,0.0,0.0,0.14078367530281896,low
908,100831.0,0.125,0.125,0.15838163471567132,medium
909,100831.0,0.0,0.0,0.4521280048667262,high
910,100835.0,0.037037037037037035,0.07407407407407407,0.024884466429052524,low
911,100835.0,0.03225806451612903,0.03225806451612903,0.01470474646780826,low
912,100835.0,0.0,0.0,0.0982958018846929,low
913,100835.0,0.125,0.125,0.1299992703858325,low
914,100835.0,0.0,0.0,0.4430814016757338,high
915,100836.0,0.037037037037037035,0.07407407407407407,0.024704680246022306,low
916,100836.0,0.03225806451612903,0.03225806451612903,0.01455693135537117,low
917,100836.0,0.0,0.0,0.09694857483767244,low
918,100836.0,0.125,0.125,0.12821752050640056,low
919,100836.0,0.0,0.0,0.4365787410205529,high
920,100865.0,0.0,0.0,0.01410761856623144,low
921,100865.0,0.0,0.0,0.008001201124025071,low
922,100865.0,0.0,0.0,0.1153311319666429,low
923,100865.0,0.0,0.0,0.12974752346247323,low
924,100865.0,0.0,0.0,0.43673552642136054,high
925,100870.0,0.0,0.0,0.01613724917780344,low
926,100870.0,0.03225806451612903,0.04838709677419355,0.021515170161662128,low
927,100870.0,0.0,0.0,0.2168306487549887,medium
928,100870.0,0.25,0.375,0.2439344798493623,medium
929,100870.0,0.0,0.0,0.6145568685900584,high
930,100878.0,0.0,0.0,0.02089245690452664,low
931,100878.0,0.0,0.0,0.014369672242154248,low
932,100878.0,0.0,0.0,0.17981173325995503,medium
933,100878.0,0.0,0.0,0.20228819991744945,medium
934,100878.0,0.0,0.0,0.6815060506934161,high
935,100878.0,0.0,0.0,0.013213454613379675,low
936,100878.0,0.0,0.0,0.007859208572124476,low
937,100878.0,0.0,0.0,0.11588693637396079,low
938,100878.0,0.0,0.0,0.13037280342070587,low
939,100878.0,0.0,0.0,0.5016361604331921,high
940,100897.0,0.0,0.0,0.017130586134494932,low
941,100897.0,0.016129032258064516,0.016129032258064516,0.015282151416207486,low
942,100897.0,0.0,0.0,0.12816784873839832,low
943,100897.0,0.0,0.0,0.1441888298306981,low
944,100897.0,0.0,0.0,0.45611469895466134,high
945,100906.0,0.0,0.0,0.013720504260577034,low
946,100906.0,0.0,0.0,0.007489468475900037,low
947,100906.0,0.0,0.0,0.09845824137881037,low
948,100906.0,0.0,0.0,0.11076552155116168,low
949,100906.0,0.0,0.0,0.35179826060926245,medium
950,100947.0,0.0,0.0,0.01694228684681753,low
951,100947.0,0.016129032258064516,0.016129032258064516,0.016833973494624704,low
952,100947.0,0.0,0.0,0.17958332485729925,medium
953,100947.0,0.0,0.0,0.17185616172542717,medium
954,100947.0,0.0,0.0,0.5874289298327238,high
955,112532.0,0.07407407407407407,0.07407407407407407,0.04497972581630331,low
956,112532.0,0.03225806451612903,0.08064516129032258,0.018066251113688123,low
957,112532.0,0.0,0.0,0.1927286284379852,medium
958,112532.0,0.375,1.0,0.21681970699273334,medium
959,112532.0,0.0,0.0,0.5114031337255225,high
960,100959.0,0.1111111111111111,0.2222222222222222,0.0670845069271553,low
961,100959.0,0.03225806451612903,0.06451612903225806,0.022504234438300186,low
962,100959.0,0.0,0.0,0.22954813512837557,medium
963,100959.0,0.25,1.5,0.2285426632782648,medium
964,100959.0,0.0,0.0,0.6045666217884692,high
965,100984.0,0.07407407407407407,0.07407407407407407,0.06153208881086591,low
966,100984.0,0.04838709677419355,0.06451612903225806,0.037927382014150614,low
967,100984.0,0.3333333333333333,0.3333333333333333,0.30511889120713076,medium
968,100984.0,0.25,0.25,0.30378240264940753,medium
969,100984.0,0.0,0.0,0.7489388645452117,high
970,101250.0,0.0,0.0,0.01808514161893661,low
971,101250.0,0.0,0.0,0.012340810379240166,low
972,101250.0,0.0,0.0,0.1602891055334319,medium
973,101250.0,0.0,0.0,0.18032524372511086,medium
974,101250.0,0.0,0.0,0.5670956456342316,high
975,101255.0,0.14814814814814814,0.18518518518518517,0.08906931115765236,low
976,101255.0,0.06451612903225806,0.16129032258064516,0.040122545258825144,low
977,101255.0,0.3333333333333333,2.0,0.3196991318574342,medium
978,101255.0,0.5,0.875,0.3596615233396135,medium
979,101255.0,0.0,0.0,0.6794402991855639,high
980,101271.0,0.037037037037037035,0.2222222222222222,0.03198520945840667,low
981,101271.0,0.016129032258064516,0.016129032258064516,0.015478691798087583,low
982,101271.0,0.6666666666666666,2.0,0.24470237426922656,medium
983,101271.0,0.125,0.125,0.19010761742945115,medium
984,101271.0,0.0,0.0,0.5329015952367733,high
985,101267.0,0.0,0.0,0.019045598837184943,low
986,101267.0,0.03225806451612903,0.04838709677419355,0.026026476353844936,low
987,101267.0,0.0,0.0,0.1968948533525191,medium
988,101267.0,0.125,0.125,0.26039959782391214,medium
989,101267.0,0.0,0.0,0.7228563584171288,high
990,101387.0,0.037037037037037035,0.037037037037037035,0.027567233998717626,low
991,101387.0,0.04838709677419355,0.04838709677419355,0.02103117430223889,low
992,101387.0,0.0,0.0,0.2024178333625489,medium
993,101387.0,0.0,0.0,0.1337693710926444,low
994,101387.0,0.0,0.0,0.4323211589800999,high
995,101389.0,0.14814814814814814,0.25925925925925924,0.09169940494437426,low
996,101389.0,0.03225806451612903,0.03225806451612903,0.02823309095794197,low
997,101389.0,0.3333333333333333,0.3333333333333333,0.29999803429597477,medium
998,101389.0,0.375,0.75,0.2743863749409503,medium
999,101389.0,0.0,0.0,0.5280228201131413,high
1000,101390.0,0.037037037037037035,0.037037037037037035,0.017936159558530448,low
1001,101390.0,0.0,0.0,0.004796029450648999,low
1002,101390.0,0.0,0.0,0.09796555186566275,low
1003,101390.0,0.25,0.25,0.11021124584887063,low
1004,101390.0,0.0,0.0,0.29978919270623394,medium
1005,101537.0,0.0,0.0,0.017997630929108232,low
1006,101537.0,0.0,0.0,0.012348519716345844,low
1007,101537.0,0.3333333333333333,0.3333333333333333,0.22248981593120634,medium
1008,101537.0,0.0,0.0,0.18524808739099544,medium
1009,101537.0,0.0,0.0,0.5843584922317995,high
1010,101558.0,0.0,0.0,0.017469602441038682,low
1011,101558.0,0.0,0.0,0.010974047336885218,low
1012,101558.0,0.3333333333333333,0.3333333333333333,0.2542610769919354,medium
1013,101558.0,0.375,1.0,0.25654037735814167,medium
1014,101558.0,0.0,0.0,0.5438980875176133,high
1015,101559.0,0.037037037037037035,0.037037037037037035,0.03155288055181039,low
1016,101559.0,0.0,0.0,0.010270625040991044,low
1017,101559.0,0.0,0.0,0.1989818319480964,medium
1018,101559.0,0.25,0.25,0.2238545609416085,medium
1019,101559.0,0.0,0.0,0.5280459806593308,high
1020,101560.0,0.0,0.0,0.017297825600565416,low
1021,101560.0,0.0,0.0,0.010655011311571134,low
1022,101560.0,0.0,0.0,0.20035244107034553,medium
1023,101560.0,0.125,0.125,0.19610635007981234,medium
1024,101560.0,0.0,0.0,0.563491529159738,high
1025,79473.0,0.0,0.0,0.008521306504472552,low
1026,79473.0,0.0,0.0,0.00415436513307532,low
1027,79473.0,0.0,0.0,0.06302817537145247,low
1028,79473.0,0.125,0.125,0.07090669729288403,low
1029,79473.0,0.0,0.0,0.20117083004341074,medium
1030,101577.0,0.0,0.0,0.01855355688861116,low
1031,101577.0,0.0,0.0,0.012383947453214915,low
1032,101577.0,0.3333333333333333,0.3333333333333333,0.2915898373442428,medium
1033,101577.0,0.375,1.0,0.294203767997348,medium
1034,101577.0,0.0,0.0,0.6098100885432136,high
1035,101587.0,0.0,0.0,0.01768206787551939,low
1036,101587.0,0.0,0.0,0.011462818780410703,low
1037,101587.0,0.0,0.0,0.16059225061625385,medium
1038,101587.0,0.0,0.0,0.18066628194328557,medium
1039,101587.0,0.0,0.0,0.5918443429143059,high
1040,101603.0,0.0,0.0,0.020790998819206638,low
1041,101603.0,0.016129032258064516,0.016129032258064516,0.02244958810777258,low
1042,101603.0,0.0,0.0,0.20695729828194662,medium
1043,101603.0,0.0,0.0,0.1980522799211,medium
1044,101603.0,0.0,0.0,0.587791706347564,high
1045,101616.0,0.0,0.0,0.017727595857981896,low
1046,101616.0,0.016129032258064516,0.016129032258064516,0.01724041762826057,low
1047,101616.0,0.3333333333333333,0.6666666666666666,0.18653345608704588,medium
1048,101616.0,0.125,0.125,0.2098501380979267,medium
1049,101616.0,0.0,0.0,0.5719773999217941,high
1050,101628.0,0.0,0.0,0.015545805360219584,low
1051,101628.0,0.0,0.0,0.009919120662790614,low
1052,101628.0,0.0,0.0,0.1061828462388809,low
1053,101628.0,0.0,0.0,0.119455702018741,low
1054,101628.0,0.0,0.0,0.3830103360264897,medium
1055,101674.0,0.0,0.0,0.016107916651812163,low
1056,101674.0,0.0,0.0,0.009851438121715886,low
1057,101674.0,0.3333333333333333,0.3333333333333333,0.14988358770095192,low
1058,101674.0,0.125,0.125,0.1686190361635709,medium
1059,101674.0,0.0,0.0,0.44781441681899836,high
1060,101667.0,0.0,0.0,0.012186760749563668,low
1061,101667.0,0.0,0.0,0.006408270663106063,low
1062,101667.0,0.3333333333333333,0.3333333333333333,0.10741838299046454,low
1063,101667.0,0.0,0.0,0.08943802625900757,low
1064,101667.0,0.0,0.0,0.29050175780042925,medium
1065,101672.0,0.0,0.0,0.021237676189240554,low
1066,101672.0,0.03225806451612903,0.03225806451612903,0.028687483109947905,low
1067,101672.0,1.0,1.3333333333333333,0.3269568391957073,medium
1068,101672.0,0.375,1.625,0.2990436323344438,medium
1069,101672.0,0.0,0.0,0.6483023480847683,high
1070,101725.0,0.0,0.0,0.01872176301080303,low
1071,101725.0,0.016129032258064516,0.016129032258064516,0.01882320631026526,low
1072,101725.0,0.3333333333333333,0.6666666666666666,0.2064030897506126,medium
1073,101725.0,0.0,0.0,0.1975219180344036,medium
1074,101725.0,0.0,0.0,0.7939506015201623,high
1075,101733.0,0.0,0.0,0.021084647880131646,low
1076,101733.0,0.016129032258064516,0.016129032258064516,0.022041319171252967,low
1077,101733.0,0.3333333333333333,0.3333333333333333,0.3000566733607985,medium
1078,101733.0,0.25,0.375,0.2679292508641651,medium
1079,101733.0,0.0,0.0,0.6944297863301753,high
1080,101736.0,0.0,0.0,0.025502477388632764,low
1081,101736.0,0.0,0.0,0.019281142149707088,low
1082,101736.0,0.0,0.0,0.23415029463661377,medium
1083,101736.0,0.0,0.0,0.26341908146619053,medium
1084,101736.0,0.0,0.0,0.8320382463351483,high
1085,120439.0,0.037037037037037035,0.037037037037037035,0.025601996681099606,low
1086,120439.0,0.0,0.0,0.007133543893482973,low
1087,120439.0,0.0,0.0,0.09577327716590561,low
1088,120439.0,0.125,0.375,0.12666315259967056,low
1089,120439.0,0.0,0.0,0.3585872629010641,medium
1090,105033.0,0.037037037037037035,0.1111111111111111,0.021892131409981586,low
1091,105033.0,0.0,0.0,0.006042443502479845,low
1092,105033.0,0.3333333333333333,0.3333333333333333,0.0955319632289921,low
1093,105033.0,0.0,0.0,0.09142138634349889,low
1094,105033.0,0.0,0.0,0.31514873546884636,medium
1095,104176.0,0.037037037037037035,0.037037037037037035,0.03642505868035447,low
1096,104176.0,0.03225806451612903,0.06451612903225806,0.02297585351680431,low
1097,104176.0,0.0,0.0,0.16440608615171243,medium
1098,104176.0,0.125,0.375,0.16092181015553175,medium
1099,104176.0,0.0,0.0,0.465326821053516,high
1100,101765.0,0.0,0.0,0.010747848907153142,low
1101,101765.0,0.0,0.0,0.005216972721469576,low
1102,101765.0,0.0,0.0,0.07080072693037824,low
1103,101765.0,0.0,0.0,0.0796508177966755,low
1104,101765.0,0.0,0.0,0.2872748871361631,medium
1105,101771.0,0.037037037037037035,0.037037037037037035,0.028989347461616185,low
1106,101771.0,0.0,0.0,0.007960997458022031,low
1107,101771.0,0.0,0.0,0.11129244829385924,low
1108,101771.0,0.25,0.375,0.14390428395285434,low
1109,101771.0,0.0,0.0,0.3750962602513698,medium
1110,101798.0,0.07407407407407407,0.07407407407407407,0.05214000887258498,low
1111,101798.0,0.04838709677419355,0.04838709677419355,0.026203532154346273,low
1112,101798.0,0.0,0.0,0.16814404252936319,medium
1113,101798.0,0.375,0.5,0.1891620478455336,medium
1114,101798.0,0.0,0.0,0.4168631270930354,high
1115,101808.0,0.0,0.0,0.017052830800169907,low
1116,101808.0,0.016129032258064516,0.016129032258064516,0.016092693530123908,low
1117,101808.0,0.0,0.0,0.2005320416572721,medium
1118,101808.0,0.375,1.0,0.25491494935682063,medium
1119,101808.0,0.0,0.0,0.4784365165859028,high
1120,101811.0,0.037037037037037035,0.037037037037037035,0.024190962118620738,low
1121,101811.0,0.0,0.0,0.0069060102638550235,low
1122,101811.0,0.0,0.0,0.11316044824817063,low
1123,101811.0,0.0,0.0,0.10829134782147895,low
1124,101811.0,0.0,0.0,0.3668355233294717,medium
1125,101898.0,0.037037037037037035,0.037037037037037035,0.03243136804092031,low
1126,101898.0,0.03225806451612903,0.03225806451612903,0.02231802999482378,low
1127,101898.0,0.3333333333333333,0.3333333333333333,0.24619293762216218,medium
1128,101898.0,0.375,0.5,0.2769670548249325,medium
1129,101898.0,0.0,0.0,0.6264121931029978,high
1130,101907.0,0.037037037037037035,0.037037037037037035,0.035986679535362755,low
1131,101907.0,0.016129032258064516,0.016129032258064516,0.01979834262539879,low
1132,101907.0,0.0,0.0,0.23225394783923722,medium
1133,101907.0,0.125,0.125,0.26128569131914187,medium
1134,101907.0,0.0,0.0,0.7439209915292885,high
1135,101911.0,0.037037037037037035,0.037037037037037035,0.029232651887067505,low
1136,101911.0,0.03225806451612903,0.03225806451612903,0.01845124733111358,low
1137,101911.0,0.0,0.0,0.13426727889807222,low
1138,101911.0,0.0,0.0,0.15105068876033123,medium
1139,101911.0,0.0,0.0,0.5469719947986234,high
1140,101915.0,0.0,0.0,0.019708354433608126,low
1141,101915.0,0.0,0.0,0.013715551250287093,low
1142,101915.0,0.0,0.0,0.18387972381189324,medium
1143,101915.0,0.0,0.0,0.2068646892883799,medium
1144,101915.0,0.0,0.0,0.7212650395718225,high
1145,102006.0,0.037037037037037035,0.037037037037037035,0.042700085245921365,low
1146,102006.0,0.04838709677419355,0.04838709677419355,0.038392234375308906,low
1147,102006.0,0.3333333333333333,0.3333333333333333,0.20894741765960537,medium
1148,102006.0,0.0,0.0,0.19995676786780447,medium
1149,102006.0,0.0,0.0,0.6283386845587869,high
1150,102012.0,0.0,0.0,0.021362380161705514,low
1151,102012.0,0.0,0.0,0.014241674884312463,low
1152,102012.0,0.0,0.0,0.14690754267153316,low
1153,102012.0,0.0,0.0,0.1652709855054748,medium
1154,102012.0,0.0,0.0,0.5267300665867078,high
1155,102083.0,0.0,0.0,0.015135977170379194,low
1156,102083.0,0.016129032258064516,0.016129032258064516,0.013343180324208006,low
1157,102083.0,0.0,0.0,0.14802221790071746,low
1158,102083.0,0.0,0.0,0.14165307518788903,low
1159,102083.0,0.0,0.0,0.4285348853937964,high
1160,102087.0,0.037037037037037035,0.037037037037037035,0.04567337075338213,low
1161,102087.0,0.016129032258064516,0.016129032258064516,0.025780883529597672,low
1162,102087.0,0.0,0.0,0.2799549581900139,medium
1163,102087.0,0.0,0.0,0.23309435689569538,medium
1164,102087.0,0.0,0.0,0.7681097796785123,high
1165,102108.0,0.037037037037037035,0.037037037037037035,0.03536217290812368,low
1166,102108.0,0.0,0.0,0.011882706892482617,low
1167,102108.0,0.0,0.0,0.182821499422114,medium
1168,102108.0,0.25,0.375,0.23639337051926562,medium
1169,102108.0,0.0,0.0,0.5310210999955334,high
1170,102110.0,0.07407407407407407,0.07407407407407407,0.06158272949265014,low
1171,102110.0,0.06451612903225806,0.06451612903225806,0.04580752394799752,low
1172,102110.0,0.3333333333333333,0.3333333333333333,0.3469635480244404,medium
1173,102110.0,0.375,0.5,0.3500738712851943,medium
1174,102110.0,0.0,0.0,0.7612006593710453,high
1175,102151.0,0.037037037037037035,0.037037037037037035,0.03019006486340036,low
1176,102151.0,0.04838709677419355,0.06451612903225806,0.025383773515315563,low
1177,102151.0,0.0,0.0,0.18825889645545715,medium
1178,102151.0,0.25,0.25,0.21179125851238934,medium
1179,102151.0,0.0,0.0,0.4703431802060455,high
1180,102215.0,0.037037037037037035,0.037037037037037035,0.03879819374979984,low
1181,102215.0,0.06451612903225806,0.11290322580645161,0.04063957288095282,low
1182,102215.0,0.0,0.0,0.22387590357386786,medium
1183,102215.0,0.25,0.375,0.2518603915206013,medium
1184,102215.0,0.0,0.0,0.5955129079189263,high
1185,102406.0,0.0,0.0,0.01503195183919935,low
1186,102406.0,0.03225806451612903,0.03225806451612903,0.019638991029828908,low
1187,102406.0,0.0,0.0,0.16480205862959266,medium
1188,102406.0,0.375,0.375,0.2407851317008394,medium
1189,102406.0,0.0,0.0,0.48723029926007394,high
1190,102408.0,0.0,0.0,0.014836009295716171,low
1191,102408.0,0.03225806451612903,0.03225806451612903,0.01839995173333974,low
1192,102408.0,0.0,0.0,0.1294144638037934,low
1193,102408.0,0.375,0.375,0.22228147675442453,medium
1194,102408.0,0.0,0.0,0.5022453247595297,high
1195,102470.0,0.0,0.0,0.016264821851884645,low
1196,102470.0,0.016129032258064516,0.016129032258064516,0.013835695513739225,low
1197,102470.0,0.0,0.0,0.1499036513878956,low
1198,102470.0,0.0,0.0,0.12481184631444195,low
1199,102470.0,0.0,0.0,0.4302110059172613,high
1200,102489.0,0.037037037037037035,0.037037037037037035,0.028369104211745183,low
1201,102489.0,0.0,0.0,0.00909981140165201,low
1202,102489.0,0.0,0.0,0.16625906127864962,medium
1203,102489.0,0.0,0.0,0.13842958602121022,low
1204,102489.0,0.0,0.0,0.4502336296083997,high
1205,104455.0,0.037037037037037035,0.037037037037037035,0.03133257146817404,low
1206,104455.0,0.016129032258064516,0.016129032258064516,0.014631138813272819,low
1207,104455.0,0.0,0.0,0.1814495189601736,medium
1208,104455.0,0.125,0.125,0.17760403964593421,medium
1209,104455.0,0.0,0.0,0.47289066836652033,high
1210,102514.0,0.0,0.0,0.017106512913439915,low
1211,102514.0,0.0,0.0,0.010689948740528987,low
1212,102514.0,0.0,0.0,0.13593872024790332,low
1213,102514.0,0.25,0.25,0.2066353527433354,medium
1214,102514.0,0.0,0.0,0.5355525702600529,high
1215,102538.0,0.037037037037037035,0.037037037037037035,0.030630297447518544,low
1216,102538.0,0.0,0.0,0.009664788826071793,low
1217,102538.0,0.0,0.0,0.12016822882172128,low
1218,102538.0,0.0,0.0,0.13518925742443644,low
1219,102538.0,0.0,0.0,0.46551616372565485,high
1220,102769.0,0.0,0.0,0.019776549199509327,low
1221,102769.0,0.06451612903225806,0.08064516129032258,0.03879768283691503,low
1222,102769.0,0.0,0.0,0.20048387585168106,medium
1223,102769.0,0.25,0.375,0.2592313228868108,medium
1224,102769.0,0.0,0.0,0.6177688402421915,high
1225,102844.0,0.037037037037037035,0.037037037037037035,0.039210037429830064,low
1226,102844.0,0.04838709677419355,0.06451612903225806,0.033964199836101265,low
1227,102844.0,0.3333333333333333,0.3333333333333333,0.29247640500993355,medium
1228,102844.0,0.5,0.5,0.32903595563617527,medium
1229,102844.0,0.0,0.0,0.6903453786248837,high
1230,102839.0,0.0,0.0,0.008326266417291674,low
1231,102839.0,0.016129032258064516,0.016129032258064516,0.005490344243809671,low
1232,102839.0,0.0,0.0,0.0558094933376965,low
1233,102839.0,0.125,0.125,0.07380979935454739,low
1234,102839.0,0.0,0.0,0.2566208919826663,medium
1235,102849.0,0.037037037037037035,0.037037037037037035,0.038771640661227486,low
1236,102849.0,0.04838709677419355,0.04838709677419355,0.03444046829582332,low
1237,102849.0,0.0,0.0,0.17840811449378624,medium
1238,102849.0,0.125,0.125,0.23595030785049212,medium
1239,102849.0,0.0,0.0,0.66455200717223,high
1240,104099.0,0.0,0.0,0.014353375821867506,low
1241,104099.0,0.0,0.0,0.008272210702660165,low
1242,104099.0,0.0,0.0,0.13209976577819177,low
1243,104099.0,0.0,0.0,0.126415738930703,low
1244,104099.0,0.0,0.0,0.47129628066309726,high
1245,104171.0,0.0,0.0,0.011114943772387495,low
1246,104171.0,0.0,0.0,0.006313017188310912,low
1247,104171.0,0.0,0.0,0.08141020341437866,low
1248,104171.0,0.0,0.0,0.09158647884117599,low
1249,104171.0,0.0,0.0,0.2710247420138262,medium
1250,104194.0,0.037037037037037035,0.037037037037037035,0.03874525615902446,low
1251,104194.0,0.03225806451612903,0.03225806451612903,0.027019567299077774,low
1252,104194.0,0.0,0.0,0.1780834101607812,medium
1253,104194.0,0.125,0.125,0.23552087622093693,medium
1254,104194.0,0.0,0.0,0.6605340436433562,high
1255,104197.0,0.0,0.0,0.013590542003244352,low
1256,104197.0,0.016129032258064516,0.03225806451612903,0.010102706942536786,low
1257,104197.0,0.0,0.0,0.08225571796664947,low
1258,104197.0,0.0,0.0,0.09253768271248065,low
1259,104197.0,0.0,0.0,0.3543457133312429,medium
1260,104255.0,0.1111111111111111,0.18518518518518517,0.07252984384873805,low
1261,104255.0,0.0,0.0,0.012552674356930159,low
1262,104255.0,0.6666666666666666,0.6666666666666666,0.2857985841924189,medium
1263,104255.0,0.375,0.625,0.288360599681843,medium
1264,104255.0,0.0,0.0,0.5836990908305784,high
1265,104259.0,0.07407407407407407,0.07407407407407407,0.04782204090917741,low
1266,104259.0,0.016129032258064516,0.03225806451612903,0.014382528629317859,low
1267,104259.0,0.6666666666666666,2.3333333333333335,0.1962971049687955,medium
1268,104259.0,0.375,1.0,0.19805679256445052,medium
1269,104259.0,0.0,0.0,0.4177065553239156,high
1270,104882.0,0.07407407407407407,0.07407407407407407,0.02356154510860464,low
1271,104882.0,0.0,0.0,0.004000872017846602,low
1272,104882.0,0.3333333333333333,0.3333333333333333,0.07387258451384683,low
1273,104882.0,0.125,0.125,0.08310665757807768,low
1274,104882.0,0.0,0.0,0.2836690628025532,medium
1275,104922.0,0.037037037037037035,0.037037037037037035,0.025559827236017425,low
1276,104922.0,0.0,0.0,0.007557801445586488,low
1277,104922.0,0.0,0.0,0.11974252511659426,low
1278,104922.0,0.125,0.125,0.13471034075616853,low
1279,104922.0,0.0,0.0,0.3451342681160648,medium
1280,106908.0,0.0,0.0,0.01630364967397824,low
1281,106908.0,0.016129032258064516,0.016129032258064516,0.015369333666059444,low
1282,106908.0,0.0,0.0,0.15372001578652422,medium
1283,106908.0,0.0,0.0,0.14710570658181218,low
1284,106908.0,0.0,0.0,0.4876660672770766,high
1285,107250.0,0.037037037037037035,0.037037037037037035,0.03469574603783851,low
1286,107250.0,0.016129032258064516,0.016129032258064516,0.015500719086852464,low
1287,107250.0,0.3333333333333333,0.3333333333333333,0.16851781025224177,medium
1288,107250.0,0.125,0.375,0.189582536533772,medium
1289,107250.0,0.0,0.0,0.4854231140018012,high
1290,107356.0,0.0,0.0,0.008330215522830144,low
1291,107356.0,0.0,0.0,0.004121832912957944,low
1292,107356.0,0.0,0.0,0.0915103822213868,low
1293,107356.0,0.0,0.0,0.07619280555372675,low
1294,107356.0,0.0,0.0,0.28369285137872924,medium
1295,108002.0,0.14814814814814814,0.2222222222222222,0.049440009181622495,low
1296,108002.0,0.016129032258064516,0.016129032258064516,0.007820792448933401,low
1297,108002.0,0.0,0.0,0.11934157508422356,low
1298,108002.0,0.125,0.125,0.09271566149406532,low
1299,108002.0,0.0,0.0,0.2560126814013944,medium
1300,109614.0,0.0,0.0,0.016765234083454303,low
1301,109614.0,0.0,0.0,0.011059835563544252,low
1302,109614.0,0.6666666666666666,0.6666666666666666,0.23102852947886085,medium
1303,109614.0,0.0,0.0,0.1702355281899724,medium
1304,109614.0,0.0,0.0,0.5557227503834529,high
1305,109629.0,0.0,0.0,0.0162562251776389,low
1306,109629.0,0.0,0.0,0.011182614101921935,low
1307,109629.0,0.0,0.0,0.12537106848960616,low
1308,109629.0,0.0,0.0,0.14104245205080693,low
1309,109629.0,0.0,0.0,0.3947431732642547,medium
1310,109629.0,0.037037037037037035,0.07407407407407407,0.03543601135680486,low
1311,109629.0,0.04838709677419355,0.11290322580645161,0.03289510237081078,low
1312,109629.0,0.0,0.0,0.1751409052949768,medium
1313,109629.0,0.25,0.25,0.2662251246695316,medium
1314,109629.0,0.0,0.0,0.5912734141570939,high
1315,109643.0,0.0,0.0,0.016858136207112077,low
1316,109643.0,0.0,0.0,0.011434843615683888,low
1317,109643.0,0.0,0.0,0.14686006970685225,low
1318,109643.0,0.0,0.0,0.1652175784202088,medium
1319,109643.0,0.0,0.0,0.5302385909701095,high
1320,109678.0,0.0,0.0,0.01336630428950684,low
1321,109678.0,0.016129032258064516,0.016129032258064516,0.011579584464964068,low
1322,109678.0,0.0,0.0,0.12392251272192222,low
1323,109678.0,0.0,0.0,0.11859033907899243,low
1324,109678.0,0.0,0.0,0.3944797531548101,medium
1325,112832.0,0.0,0.0,0.01708844281258813,low
1326,112832.0,0.0,0.0,0.010636114994679095,low
1327,112832.0,0.0,0.0,0.14896511268374218,low
1328,112832.0,0.0,0.0,0.16758575176920992,medium
1329,112832.0,0.0,0.0,0.6192370217239964,high
1330,112928.0,0.0,0.0,0.013010244424339438,low
1331,112928.0,0.016129032258064516,0.016129032258064516,0.01069502926923875,low
1332,112928.0,0.0,0.0,0.10856686104852338,low
1333,112928.0,0.125,0.125,0.1435830671684661,low
1334,112928.0,0.0,0.0,0.4993860134734617,high
1335,113230.0,0.0,0.0,0.014010833443279731,low
1336,113230.0,0.03225806451612903,0.03225806451612903,0.01739219951363115,low
1337,113230.0,0.3333333333333333,0.3333333333333333,0.14645493590297565,low
1338,113230.0,0.125,0.125,0.1647618028908476,medium
1339,113230.0,0.0,0.0,0.45488411646301086,high
1340,113284.0,0.037037037037037035,0.037037037037037035,0.017168466867712076,low
1341,113284.0,0.016129032258064516,0.016129032258064516,0.0054057567681377585,low
1342,113284.0,0.0,0.0,0.05227030424069234,low
1343,113284.0,0.25,0.375,0.0675869820375738,low
1344,113284.0,0.0,0.0,0.244341556245842,medium
1345,113444.0,0.037037037037037035,0.037037037037037035,0.04121073997479128,low
1346,113444.0,0.06451612903225806,0.11290322580645161,0.04549312952387462,low
1347,113444.0,0.0,0.0,0.2751461612588597,medium
1348,113444.0,0.25,0.375,0.30953943141621715,medium
1349,113444.0,0.0,0.0,0.7416416205694308,high
1350,113778.0,0.1111111111111111,0.18518518518518517,0.06908150129442346,low
1351,113778.0,0.03225806451612903,0.03225806451612903,0.02524009650207655,low
1352,113778.0,0.0,0.0,0.20736732326808913,medium
1353,113778.0,0.25,0.5,0.2681318151193998,medium
1354,113778.0,0.0,0.0,0.6177091663362045,high
1355,113788.0,0.25925925925925924,0.48148148148148145,0.1556836807737808,medium
1356,113788.0,0.12903225806451613,0.14516129032258066,0.0711271530921094,low
1357,113788.0,0.6666666666666666,1.0,0.3510504981148285,medium
1358,113788.0,0.375,0.875,0.3210803491595915,medium
1359,113788.0,0.0,0.0,0.7319875483822881,high
1360,113922.0,0.0,0.0,0.02157171250744362,low
1361,113922.0,0.03225806451612903,0.03225806451612903,0.031089930783854854,low
1362,113922.0,1.0,2.0,0.38398765789551564,medium
1363,113922.0,0.125,0.25,0.27042503045570787,medium
1364,113922.0,0.0,0.0,0.7747858451193163,high
1365,113935.0,0.0,0.0,0.0189210908502474,low
1366,113935.0,0.0,0.0,0.010980647599871161,low
1367,113935.0,0.0,0.0,0.11899114074542634,low
1368,113935.0,0.0,0.0,0.13386503333860464,low
1369,113935.0,0.0,0.0,0.3858318886075191,medium
1370,113936.0,0.0,0.0,0.013074575567556083,low
1371,113936.0,0.0,0.0,0.006971755486371007,low
1372,113936.0,0.0,0.0,0.08429360180396482,low
1373,113936.0,0.0,0.0,0.09483030202946043,low
1374,113936.0,0.0,0.0,0.37115214149909304,medium
1375,113968.0,0.07407407407407407,0.07407407407407407,0.05047009550218437,low
1376,113968.0,0.04838709677419355,0.06451612903225806,0.028646114558543316,low
1377,113968.0,0.6666666666666666,1.0,0.30938760134228555,medium
1378,113968.0,0.125,0.5,0.21788760600834675,medium
1379,113968.0,0.0,0.0,0.6241846653555551,high
1380,113965.0,0.07407407407407407,0.07407407407407407,0.042235661208214516,low
1381,113965.0,0.04838709677419355,0.06451612903225806,0.02075270039913139,low
1382,113965.0,0.6666666666666666,1.0,0.18916143129430374,medium
1383,113965.0,0.125,0.5,0.13321778647564383,low
1384,113965.0,0.0,0.0,0.3644702192245767,medium
1385,113992.0,0.037037037037037035,0.037037037037037035,0.032750088586804955,low
1386,113992.0,0.016129032258064516,0.016129032258064516,0.014715592076271829,low
1387,113992.0,0.0,0.0,0.18297066607177656,medium
1388,113992.0,0.25,0.875,0.2058419993307486,medium
1389,113992.0,0.0,0.0,0.5605369803415788,high
1390,113995.0,0.037037037037037035,0.07407407407407407,0.03310977525199225,low
1391,113995.0,0.04838709677419355,0.14516129032258066,0.02817990657585772,low
1392,113995.0,0.0,0.0,0.20260002207653352,medium
1393,113995.0,0.25,0.875,0.20171258895094596,medium
1394,113995.0,0.0,0.0,0.5188104667586305,high
1395,114000.0,0.0,0.0,0.016967266717690225,low
1396,114000.0,0.04838709677419355,0.04838709677419355,0.0267631813297833,low
1397,114000.0,0.0,0.0,0.1392677226071362,low
1398,114000.0,0.0,0.0,0.15667618793302826,medium
1399,114000.0,0.0,0.0,0.48175594591139176,high
1400,114088.0,0.037037037037037035,0.037037037037037035,0.03637457995686236,low
1401,114088.0,0.03225806451612903,0.03225806451612903,0.021469802877109045,low
1402,114088.0,0.0,0.0,0.14346238820942434,low
1403,114088.0,0.0,0.0,0.1372894471645747,low
1404,114088.0,0.0,0.0,0.47643148546847114,high
1405,114096.0,0.037037037037037035,0.037037037037037035,0.03658252108484882,low
1406,114096.0,0.016129032258064516,0.016129032258064516,0.020212925231006366,low
1407,114096.0,0.0,0.0,0.2037026430994504,medium
1408,114096.0,0.0,0.0,0.19493766698112902,medium
1409,114096.0,0.0,0.0,0.5396383486692752,high
1410,114097.0,0.0,0.0,0.014719517146076956,low
1411,114097.0,0.0,0.0,0.009266526842098274,low
1412,114097.0,0.0,0.0,0.11246344606539065,low
1413,114097.0,0.0,0.0,0.12652137682356446,low
1414,114097.0,0.0,0.0,0.3984405346606942,medium
1415,114115.0,0.0,0.0,0.014201512744004012,low
1416,114115.0,0.0,0.0,0.008031590148093234,low
1417,114115.0,0.0,0.0,0.10826745174743062,low
1418,114115.0,0.0,0.0,0.12180088321585945,low
1419,114115.0,0.0,0.0,0.3776677484375151,medium
1420,114187.0,0.037037037037037035,0.037037037037037035,0.03523993274824743,low
1421,114187.0,0.016129032258064516,0.016129032258064516,0.01688888007149172,low
1422,114187.0,0.0,0.0,0.13906487923499922,low
1423,114187.0,0.0,0.0,0.13308115547547525,low
1424,114187.0,0.0,0.0,0.38752702066016076,medium
1425,115708.0,0.0,0.0,0.016891699202490732,low
1426,115708.0,0.0,0.0,0.011044185062884484,low
1427,115708.0,0.0,0.0,0.13531403684969118,low
1428,115708.0,0.0,0.0,0.15222829145590258,medium
1429,115708.0,0.0,0.0,0.4780416512448027,high
1430,114228.0,0.037037037037037035,0.037037037037037035,0.035271507964494415,low
1431,114228.0,0.0,0.0,0.012415682820469974,low
1432,114228.0,0.3333333333333333,0.3333333333333333,0.22545743025556267,medium
1433,114228.0,0.375,0.625,0.28659993156575686,medium
1434,114228.0,0.0,0.0,0.6270449206045164,high
1435,115074.0,0.037037037037037035,0.037037037037037035,0.04002761186510285,low
1436,115074.0,0.03225806451612903,0.04838709677419355,0.02840282442491858,low
1437,115074.0,0.3333333333333333,1.3333333333333333,0.32146666825963105,medium
1438,115074.0,0.375,0.75,0.32434842705400024,medium
1439,115074.0,0.0,0.0,0.676776763242085,high
1440,115096.0,0.037037037037037035,0.037037037037037035,0.02773045316769462,low
1441,115096.0,0.03225806451612903,0.04838709677419355,0.016417304477506788,low
1442,115096.0,0.3333333333333333,1.6666666666666667,0.14542800491533653,low
1443,115096.0,0.25,0.25,0.188042524311943,medium
1444,115096.0,0.0,0.0,0.5003033164356058,high
1445,115303.0,0.0,0.0,0.0197633017655965,low
1446,115303.0,0.016129032258064516,0.016129032258064516,0.01923637560576667,low
1447,115303.0,0.0,0.0,0.21163103796297592,medium
1448,115303.0,0.125,0.125,0.20714591844653205,medium
1449,115303.0,0.0,0.0,0.5451834222140364,high
1450,115707.0,0.0,0.0,0.019648391880774944,low
1451,115707.0,0.0,0.0,0.013755649169720354,low
1452,115707.0,0.3333333333333333,0.3333333333333333,0.22879654559654164,medium
1453,115707.0,0.0,0.0,0.1904991574379798,medium
1454,115707.0,0.0,0.0,0.5514570971671776,high
1455,116516.0,0.07407407407407407,0.07407407407407407,0.06116664219130269,low
1456,116516.0,0.03225806451612903,0.03225806451612903,0.03157270781199449,low
1457,116516.0,0.0,0.0,0.25396909409931856,medium
1458,116516.0,0.0,0.0,0.24304123861987123,medium
1459,116516.0,0.5,0.5,0.8439650501215551,high
1460,117528.0,0.0,0.0,0.015368540529750186,low
1461,117528.0,0.0,0.0,0.009067958938132616,low
1462,117528.0,0.0,0.0,0.14336273347354764,low
1463,117528.0,0.125,0.125,0.1612830751577411,medium
1464,117528.0,0.0,0.0,0.4416658636950256,high
1465,118065.0,0.037037037037037035,0.037037037037037035,0.031145388382071846,low
1466,118065.0,0.016129032258064516,0.016129032258064516,0.015077207465542973,low
1467,118065.0,0.6666666666666666,1.0,0.22979858538409145,medium
1468,118065.0,0.5,0.875,0.2585234085571029,medium
1469,118065.0,0.0,0.0,0.44092842535642846,high
1470,118363.0,0.1111111111111111,0.18518518518518517,0.07237571507759231,low
1471,118363.0,0.016129032258064516,0.03225806451612903,0.01998390059948374,low
1472,118363.0,0.3333333333333333,1.0,0.3148973643606794,medium
1473,118363.0,0.375,0.5,0.317720233226005,medium
1474,118363.0,0.0,0.0,0.6690573680229545,high
1475,118368.0,0.1111111111111111,0.18518518518518517,0.06948426314548678,low
1476,118368.0,0.04838709677419355,0.08064516129032258,0.0308577815586588,low
1477,118368.0,0.6666666666666666,0.6666666666666666,0.3045181988353366,medium
1478,118368.0,0.5,1.0,0.3105518071300764,medium
1479,118368.0,0.0,0.0,0.5754088604160607,high
1480,118371.0,0.0,0.0,0.0182592403897775,low
1481,118371.0,0.03225806451612903,0.03225806451612903,0.024934875714208056,low
1482,118371.0,0.0,0.0,0.22565459002650687,medium
1483,118371.0,0.375,0.5,0.2868505597078237,medium
1484,118371.0,0.0,0.0,0.5810597748997516,high
1485,119984.0,0.0,0.0,0.01648533037813706,low
1486,119984.0,0.016129032258064516,0.016129032258064516,0.016133899704335427,low
1487,119984.0,0.3333333333333333,0.3333333333333333,0.21319926029940564,medium
1488,119984.0,0.125,0.125,0.20868090527707878,medium
1489,119984.0,0.0,0.0,0.6634689590671289,high
1490,120242.0,0.0,0.0,0.012904745114939938,low
1491,120242.0,0.016129032258064516,0.03225806451612903,0.010385305042227688,low
1492,120242.0,0.0,0.0,0.1174534030986815,low
1493,120242.0,0.125,0.125,0.11496420040147216,low
1494,120242.0,0.0,0.0,0.40696782374081675,high
1495,120439.0,0.037037037037037035,0.037037037037037035,0.026927706629891374,low
1496,120439.0,0.0,0.0,0.007682907918669866,low
1497,120439.0,0.0,0.0,0.10067055875065727,low
1498,120439.0,0.125,0.375,0.1331399605679143,low
1499,120439.0,0.0,0.0,0.3677175503400543,medium
1500,120444.0,0.0,0.0,0.012542392860335575,low
1501,120444.0,0.0,0.0,0.007116584674026153,low
1502,120444.0,0.0,0.0,0.08658009764386178,low
1503,120444.0,0.0,0.0,0.09740260984934448,low
1504,120444.0,0.0,0.0,0.2546997638266464,medium
